aX,aY,aZ,gX,gY,gZ
0.110,-0.619,2.220,-67.627,-37.781,5.005
0.125,-0.675,2.442,-121.643,-24.719,10.132
0.224,-0.683,2.558,-178.955,9.766,21.851
0.268,-0.645,2.530,-259.155,-5.676,41.077
0.298,-0.633,2.224,-307.678,-31.921,50.964
0.243,-0.579,1.609,-406.128,-85.571,73.608
0.176,-0.492,1.219,-488.525,-114.197,93.750
0.067,-0.206,0.367,-510.071,-118.042,98.022
0.024,-0.076,-0.064,-490.356,-128.479,81.848
-0.019,0.020,-0.667,-448.914,-135.925,60.852
0.003,0.089,-0.830,-366.516,-149.841,22.217
0.001,0.307,-1.001,-341.003,-148.132,11.536
-0.082,0.484,-1.212,-304.016,-104.370,11.597
-0.148,0.549,-1.312,-288.452,-65.613,18.188
-0.269,0.658,-1.518,-247.314,30.762,31.311
-0.321,0.704,-1.609,-164.124,89.539,30.579
-0.419,0.759,-1.584,-99.182,78.491,24.109
-0.489,0.737,-1.460,28.931,8.057,6.836
-0.610,0.665,-1.132,68.054,-9.644,0.244
-0.595,0.677,-1.021,106.262,16.968,-3.662
-0.483,0.775,-0.845,118.835,40.771,-7.202
-0.422,0.806,-0.762,150.696,68.359,-21.729
-0.354,0.793,-0.592,168.152,67.261,-28.442
-0.354,0.744,-0.516,200.928,52.246,-32.837
-0.367,0.627,-0.354,218.567,46.692,-34.790
-0.354,0.560,-0.235,254.089,52.307,-43.640
-0.265,0.463,0.049,268.188,69.824,-47.485
-0.213,0.416,0.172,287.903,108.826,-55.786
-0.147,0.214,0.353,297.546,122.864,-64.270
-0.106,0.093,0.456,324.341,134.644,-88.013
0.011,-0.116,0.750,338.989,132.446,-98.267
0.107,-0.188,0.962,365.173,127.747,-108.154
0.372,-0.249,1.467,364.990,115.112,-105.530
0.489,-0.266,1.813,316.895,61.340,-88.562
0.453,-0.270,1.792,273.437,26.001,-78.247
0.323,-0.310,1.615,206.787,-35.522,-70.496
0.262,-0.348,1.550,182.251,-71.106,-69.946
0.233,-0.230,1.562,163.513,-62.317,-58.960
0.231,-0.127,1.547,113.953,-10.681,-27.710
0.222,-0.021,1.481,91.431,8.606,-16.174
0.206,0.005,1.443,64.148,12.756,-2.991
0.116,0.039,1.335,61.096,2.197,-3.906
0.068,0.035,1.294,62.317,-25.269,-17.944
0.057,0.181,1.368,58.899,-34.180,-22.034
0.094,0.389,1.794,69.092,-45.532,-29.297
0.075,-0.233,1.832,63.782,-58.960,-25.208
-0.045,-0.331,1.182,-24.841,-35.217,20.081
-0.084,0.247,0.705,-28.503,-1.770,25.269
-0.009,0.302,0.804,15.869,17.456,14.160
-0.056,0.121,0.930,22.583,3.784,13.428
-0.104,0.053,0.920,13.855,-17.334,6.775
-0.107,0.038,1.070,9.644,-18.738,2.197
-0.094,-0.002,1.131,5.798,-16.357,3.052
-0.084,-0.036,1.054,-0.427,-9.583,5.554
-0.057,0.007,0.997,-7.446,5.005,5.981
-0.008,0.063,0.954,-4.944,3.418,5.249
-0.009,0.051,0.975,2.319,-6.653,2.563
-0.013,0.016,1.037,3.174,-10.071,1.282
-0.029,0.015,1.028,-0.671,-11.108,2.380
-0.044,0.029,1.011,-2.930,-9.033,4.761
-0.082,0.046,0.983,-4.944,0.061,9.033
-0.086,0.052,0.998,-3.540,5.798,9.094
-0.079,0.069,1.003,-2.991,0.732,7.996
-0.081,0.055,0.990,0.244,-7.568,2.869
-0.052,0.048,1.020,-0.305,-4.639,0.427
-0.024,0.057,1.029,-6.409,2.441,2.319
-0.001,0.067,0.990,-7.812,3.052,5.127
-0.016,0.057,0.979,-4.944,2.869,5.920
-0.038,0.046,1.024,-4.333,2.502,4.822
-0.040,0.058,1.028,-6.165,-2.014,6.226
-0.056,0.084,0.977,-5.249,-3.418,7.263
-0.063,0.075,0.977,0.183,-0.671,7.263
-0.072,0.060,1.020,0.488,0.305,7.507
-0.067,0.065,1.022,-1.770,-1.282,9.155
-0.055,0.074,0.995,-1.587,-2.563,10.254
-0.063,0.064,0.985,1.038,-0.977,9.155
-0.077,0.041,0.998,2.136,2.075,6.653
-0.073,0.040,1.016,2.014,3.113,0.793
-0.063,0.059,1.011,0.427,1.160,-0.854
-0.056,0.069,0.995,-1.770,0.793,-1.160
-0.046,0.065,0.998,-1.343,2.014,-0.610
-0.041,0.058,1.006,0.366,1.587,-0.305
-0.036,0.059,0.998,1.221,-0.977,-0.488
-0.044,0.072,0.997,2.380,-3.967,-0.305
-0.046,0.074,1.006,2.136,-3.296,0.549
-0.059,0.069,1.011,0.977,-2.197,2.747
-0.061,0.065,1.007,0.671,-1.343,2.625
-0.054,0.058,1.003,0.732,0.427,1.099
-0.051,0.055,1.003,0.549,0.793,0.366
-0.046,0.054,1.005,0.244,-0.793,-0.061
-0.047,0.055,0.998,0.610,-2.869,0.244
-0.057,0.065,1.000,1.343,-3.540,0.793
-0.052,0.068,1.007,1.099,-1.587,1.099
-0.052,0.070,1.001,0.183,-0.610,2.136
-0.057,0.062,1.000,0.793,-0.732,2.258
-0.056,0.056,1.007,1.526,0.305,2.075
-0.054,0.052,1.001,1.282,-0.549,2.197
-0.059,0.050,0.998,1.343,-2.014,1.770
-0.062,0.052,0.997,1.343,-0.793,0.732
-0.061,0.053,1.001,2.197,0.549,-0.977
-0.060,0.058,1.017,1.953,-0.488,-1.099
-0.054,0.062,1.003,-1.038,0.183,-0.183
-0.052,0.063,0.992,-1.831,1.465,0.549
-0.064,0.056,0.995,0.122,1.343,0.610
-0.068,0.057,1.004,1.343,0.854,-0.305
-0.066,0.065,1.005,2.197,0.244,-1.892
-0.063,0.068,1.001,1.770,0.732,-2.136
-0.051,0.064,1.003,1.587,1.648,-2.258
-0.035,0.052,1.008,1.587,-0.305,-1.892
-0.038,0.047,1.003,0.732,-1.953,-0.916
-0.050,0.049,0.999,0.427,-0.366,-0.488
-0.055,0.056,0.994,0.977,1.587,-0.671
-0.056,0.057,0.995,4.456,-2.869,-2.563
-0.063,0.061,1.015,4.822,-5.066,-3.052
-0.066,0.062,1.013,2.075,-2.075,-2.197
-0.055,0.060,1.008,1.038,0.793,-1.526
-0.048,0.058,1.010,-0.305,1.648,0.000
-0.046,0.051,1.000,-0.366,0.427,0.671
-0.051,0.049,0.995,1.282,-1.770,0.671

0.072,-0.666,2.298,-93.689,30.151,16.113
0.143,-0.685,2.486,-130.981,19.043,12.268
0.200,-0.606,2.549,-163.269,-2.625,10.620
0.188,-0.559,2.354,-258.911,-43.579,13.550
0.146,-0.464,1.715,-308.167,-57.617,20.752
0.066,-0.331,1.056,-370.422,-75.500,37.231
0.022,-0.240,0.762,-383.850,-80.078,41.260
-0.049,-0.008,0.337,-386.963,-85.815,37.354
-0.031,0.136,0.237,-374.634,-89.966,31.982
0.053,0.281,0.196,-328.735,-109.009,21.606
0.077,0.290,0.169,-310.059,-121.216,16.663
0.083,0.306,0.100,-300.171,-124.939,14.893
-0.022,0.399,-0.170,-302.429,-107.239,19.409
-0.135,0.505,-0.488,-297.241,-35.461,23.926
-0.158,0.560,-0.609,-264.771,17.334,23.865
-0.225,0.647,-0.861,-239.929,22.766,24.414
-0.277,0.669,-0.984,-187.439,8.667,21.301
-0.386,0.758,-1.146,-161.255,-1.648,20.020
-0.454,0.830,-1.168,-101.196,-9.827,21.606
-0.554,0.870,-1.110,-66.589,-3.845,18.127
-0.569,0.828,-1.073,-5.066,14.038,5.920
-0.531,0.811,-0.983,23.743,15.991,0.854
-0.495,0.830,-0.903,85.510,2.136,-9.155
-0.402,0.827,-0.713,111.267,-3.479,-12.573
-0.365,0.829,-0.636,145.508,-8.423,-10.193
-0.370,0.847,-0.515,159.058,-10.193,-6.897
-0.397,0.834,-0.447,184.814,1.526,-5.615
-0.401,0.756,-0.274,195.801,19.409,-8.423
-0.372,0.715,-0.175,214.355,55.603,-17.273
-0.276,0.655,-0.009,220.215,65.125,-22.400
-0.221,0.627,0.038,228.821,62.561,-27.649
-0.184,0.528,0.110,236.694,53.589,-27.344
-0.191,0.429,0.176,261.597,53.833,-27.710
-0.143,0.204,0.384,275.024,67.566,-28.992
-0.099,0.114,0.519,303.650,85.754,-36.194
-0.022,-0.067,0.798,317.810,84.595,-41.382
0.049,-0.100,0.987,328.674,93.872,-45.288
0.276,-0.124,1.409,326.599,102.112,-41.931
0.322,-0.316,1.636,295.532,87.646,-25.330
0.257,-0.397,1.639,242.065,54.504,-6.104
0.142,-0.459,1.554,213.318,40.161,-6.897
0.153,-0.427,1.537,160.217,23.376,-14.099
0.177,-0.212,1.497,135.864,9.705,-15.869
0.141,-0.101,1.436,93.933,-30.396,-19.470
0.039,-0.087,1.283,82.153,-39.124,-18.433
0.013,-0.105,1.266,75.500,-1.587,-6.531
-0.004,-0.132,1.489,83.496,33.081,3.174
0.020,-0.187,1.771,119.263,92.041,20.447
0.068,-0.087,2.294,124.023,103.577,21.057
0.101,-0.008,2.185,16.296,33.691,-0.305
-0.018,0.022,1.315,-44.128,-26.489,-10.681
-0.099,0.041,0.921,-47.485,-103.577,-31.982
-0.146,0.151,0.598,-25.085,-103.027,-40.955
-0.026,0.212,0.616,-2.808,-47.607,-31.616
0.018,0.164,0.664,0.488,-15.625,-13.062
0.010,0.036,0.824,6.226,30.396,24.902
-0.013,-0.021,0.936,13.428,45.349,33.813
-0.011,-0.065,1.148,26.672,48.950,26.855
-0.006,-0.062,1.202,22.705,17.639,10.437
-0.016,-0.044,1.174,16.785,1.099,4.150
-0.031,-0.016,1.112,5.371,-19.348,-3.296
-0.063,0.049,0.973,3.174,-20.813,-5.066
-0.064,0.067,0.920,6.714,-12.207,-6.531
-0.055,0.055,0.906,11.047,-6.287,-6.470
-0.047,0.036,0.944,18.677,2.014,-5.005
-0.040,-0.006,1.033,20.020,2.808,-3.418
-0.041,-0.015,1.053,18.372,4.272,-2.319
-0.027,-0.005,1.024,17.944,4.517,-3.967
-0.026,0.001,0.998,22.949,-3.601,-9.155
-0.047,-0.015,1.002,25.208,-6.714,-9.949
-0.055,-0.019,1.011,22.705,2.686,-7.874
-0.040,-0.042,1.015,19.775,8.545,-6.714
-0.039,-0.050,1.017,14.709,11.292,-4.883
-0.045,-0.063,1.022,13.123,11.963,-5.432
-0.033,-0.055,1.021,9.583,12.390,-7.935
-0.003,-0.036,1.003,9.644,9.155,-8.850
0.000,-0.034,0.997,10.864,2.441,-7.629
0.009,-0.031,0.998,9.888,3.784,-5.615
0.014,-0.027,1.004,7.019,8.301,-1.343
0.002,-0.032,1.031,7.263,7.812,-0.305
-0.015,-0.056,1.047,8.301,0.977,-1.831
-0.026,-0.081,1.040,5.737,-1.221,-2.441
-0.011,-0.068,1.011,-0.244,-0.061,-1.587
0.016,-0.050,0.983,-0.671,0.122,-0.854
0.009,-0.042,1.018,0.854,-2.625,-0.122
0.009,-0.041,1.027,1.648,-6.287,-0.122
0.007,-0.040,1.014,1.404,-8.240,0.793
-0.004,-0.043,1.006,0.610,-9.155,3.784
-0.023,-0.054,0.997,0.244,-8.240,5.066
-0.033,-0.059,0.995,1.404,-6.958,4.150
-0.045,-0.058,1.005,2.319,-7.263,2.502
-0.052,-0.055,1.013,2.075,-5.493,0.549
-0.043,-0.052,1.017,0.488,-2.319,0.305
-0.031,-0.055,1.009,-1.648,2.014,-0.061
-0.004,-0.057,1.008,-1.709,1.526,-0.244
0.004,-0.052,1.006,-1.587,-2.319,1.038
-0.004,-0.041,0.989,-0.732,-3.967,1.953
-0.038,-0.057,1.012,1.221,-5.615,3.784
-0.057,-0.071,1.014,-0.244,-4.395,4.089
-0.064,-0.075,0.992,-1.038,-3.906,2.930
-0.059,-0.068,0.984,-0.122,-4.028,0.061
-0.041,-0.053,1.006,0.366,-2.808,-0.916
-0.026,-0.048,1.022,-0.427,-0.732,-0.977
-0.014,-0.033,1.024,-1.587,-0.732,0.061
-0.031,-0.031,1.014,-2.747,-0.122,2.930
-0.053,-0.048,1.006,-2.380,0.488,3.784
-0.073,-0.078,0.989,-1.892,4.211,1.404
-0.058,-0.079,0.988,-1.648,4.944,-2.930
-0.023,-0.070,0.996,-1.953,3.662,-3.601
-0.009,-0.054,0.995,-3.418,3.174,-2.502
0.001,-0.027,0.994,-2.625,1.770,-1.770
-0.003,-0.027,1.007,0.061,-1.404,-1.343
-0.008,-0.027,1.023,0.000,-0.671,-0.732
-0.019,-0.030,1.010,0.183,-1.343,1.099
-0.050,-0.046,0.992,1.099,-2.747,0.977
-0.039,-0.043,1.017,1.770,-4.395,-0.427
-0.035,-0.042,1.016,0.610,-5.066,-0.610
-0.013,-0.038,0.999,-0.244,-3.357,-0.488
-0.000,-0.036,0.998,-0.183,-2.869,1.282

-0.094,-0.717,2.025,-62.561,0.549,7.690
-0.031,-0.714,2.271,-113.098,-18.860,-3.662
0.002,-0.598,2.237,-141.235,-21.179,-1.465
0.026,-0.497,1.884,-212.524,-13.306,8.240
0.037,-0.443,1.675,-246.033,-13.367,12.451
0.085,-0.267,1.337,-281.799,-31.311,16.968
0.101,-0.178,1.194,-296.204,-74.036,16.113
0.089,-0.136,0.956,-298.096,-96.924,13.062
0.073,-0.161,0.878,-300.415,-125.488,3.601
0.045,-0.131,0.726,-308.777,-125.000,0.610
0.043,-0.082,0.606,-333.191,-99.915,3.540
0.002,-0.001,0.321,-337.830,-85.937,8.972
-0.072,0.027,0.193,-331.299,-64.209,16.052
-0.177,0.158,-0.078,-326.416,-51.270,13.489
-0.208,0.232,-0.249,-314.087,-35.217,-1.404
-0.318,0.377,-0.666,-307.190,-26.733,-11.414
-0.351,0.554,-1.159,-283.386,24.414,-32.104
-0.344,0.644,-1.356,-239.502,50.598,-31.677
-0.379,0.936,-1.588,-209.778,38.269,-18.799
-0.443,1.047,-1.617,-121.460,6.958,4.150
-0.548,1.061,-1.396,-64.514,6.470,7.568
-0.553,0.945,-1.131,40.955,34.912,-0.244
-0.422,0.794,-0.518,72.876,49.377,-5.005
-0.317,0.807,-0.259,106.323,46.204,-12.390
-0.178,0.849,0.078,114.441,29.358,-12.817
-0.167,0.862,0.129,114.075,-8.606,-8.362
-0.210,0.876,0.022,112.549,-25.146,-5.981
-0.294,0.878,-0.092,121.765,-59.387,-4.517
-0.321,0.887,-0.097,127.869,-68.787,-5.798
-0.289,0.934,-0.061,134.827,-52.490,-8.179
-0.280,0.951,-0.038,144.287,-19.531,-1.953
-0.275,0.917,0.056,152.100,-1.099,3.784
-0.233,0.877,0.135,158.020,32.166,12.451
-0.182,0.774,0.245,152.893,37.537,16.174
-0.194,0.717,0.234,141.968,29.480,22.278
-0.265,0.559,0.151,142.395,24.109,22.278
-0.315,0.477,0.120,160.278,20.996,11.963
-0.333,0.358,0.216,174.927,31.921,3.418
-0.276,0.332,0.340,203.735,76.660,-4.150
-0.141,0.283,0.645,215.393,93.140,-3.113
-0.104,0.245,0.773,224.182,96.558,-4.395
-0.010,0.109,0.955,221.436,89.233,-8.911
0.023,0.019,1.038,221.191,61.340,-15.747
-0.013,-0.183,1.241,221.741,46.570,-17.395
-0.006,-0.244,1.400,216.980,43.335,-23.743
0.065,-0.206,1.724,209.473,42.480,-26.550
0.068,-0.150,1.766,164.001,15.381,-27.527
0.039,-0.066,1.541,133.118,-1.587,-27.100
0.023,-0.019,1.353,88.562,-13.428,-21.301
0.011,0.087,1.039,80.994,-1.526,-16.724
0.008,0.087,0.968,89.966,43.884,-2.563
-0.054,-0.033,1.133,106.079,74.341,7.507
-0.050,-0.154,1.424,169.678,158.936,17.883
0.104,-0.117,2.313,204.712,186.951,9.094
0.163,-0.059,2.599,110.046,81.238,-30.396
-0.017,-0.268,1.927,18.921,-6.104,-35.095
-0.041,-0.053,1.174,-85.388,-79.041,-26.794
-0.059,0.300,0.539,-71.655,-84.900,-35.828
-0.069,0.260,0.487,1.587,-62.744,-40.100
-0.031,0.141,0.560,17.090,-32.104,-29.480
0.029,0.103,0.662,35.522,30.762,-2.258
0.079,0.025,0.954,47.668,39.551,5.981
0.050,-0.036,1.113,60.913,23.132,5.432
-0.018,-0.094,1.506,55.298,10.559,-3.174
-0.041,-0.127,1.471,19.714,-26.184,-19.592
-0.081,0.035,0.908,-1.404,-30.273,-16.907
-0.090,0.097,0.790,0.549,-12.207,-13.672
-0.075,0.067,0.858,12.146,-2.930,-13.916
-0.058,0.023,0.943,25.208,13.794,-13.733
-0.008,-0.046,1.139,25.024,16.174,-14.832
0.016,-0.068,1.163,10.437,5.981,-13.733
0.030,-0.022,1.036,-0.916,1.465,-8.911
0.021,0.020,0.982,-9.521,1.953,1.160
-0.012,0.030,0.967,-6.226,3.845,3.296
-0.026,0.024,0.985,2.075,3.052,2.625
-0.043,0.018,1.021,4.517,0.732,1.099
-0.038,0.019,1.028,3.418,-0.427,-0.916
-0.024,0.019,1.024,1.282,0.610,-0.793
-0.015,0.015,1.019,-3.174,4.883,-0.122
0.008,0.008,1.019,-4.517,5.188,0.916
0.012,0.007,1.012,-3.723,-1.404,3.601
0.002,-0.003,0.983,-1.587,-6.165,4.211
-0.020,-0.014,0.974,1.892,-8.057,3.662
-0.030,-0.007,0.987,1.953,-3.662,2.502
-0.022,0.006,1.011,0.549,0.122,3.540
-0.032,0.010,1.043,-1.038,-0.366,5.249
-0.023,0.013,1.028,-4.333,-0.366,5.554
-0.016,0.016,1.023,-4.761,-2.563,5.188
-0.040,0.013,0.998,-5.432,-5.005,6.226
-0.041,0.015,0.977,-5.432,-2.380,5.554
-0.033,0.022,0.979,-0.854,-2.625,3.601
-0.040,0.018,0.999,1.587,-5.981,4.150
-0.048,0.010,1.012,1.099,-4.822,5.432
-0.042,0.008,1.012,0.427,-2.930,2.747
-0.021,0.009,1.027,0.244,-4.944,2.075
-0.018,0.019,1.000,-1.770,-6.287,3.357
-0.024,0.021,0.982,0.305,-6.287,3.845
-0.040,0.014,0.995,1.709,-6.775,4.272
-0.044,0.015,1.007,0.916,-4.456,6.287
-0.046,0.007,1.010,0.671,-4.089,6.653
-0.049,0.005,1.009,0.549,-6.470,6.287
-0.039,0.008,1.008,0.061,-6.287,6.653
-0.036,0.009,1.006,-0.366,-6.592,8.362
-0.069,-0.002,0.984,-0.061,-5.798,8.057
-0.074,0.000,0.978,0.916,-0.793,4.028
-0.055,0.016,0.998,2.014,-0.671,2.869
-0.057,0.016,1.010,3.418,-3.784,3.540
-0.063,0.012,1.007,3.052,-3.296,3.479
-0.044,0.010,1.000,2.991,-1.892,2.136
-0.047,0.004,1.009,3.235,-3.418,2.563
-0.059,0.001,1.017,1.831,-1.221,3.174
-0.062,0.004,1.008,-0.366,3.113,2.930
-0.072,0.005,0.991,-0.061,3.296,1.953
-0.073,0.007,0.990,1.282,3.845,-0.488
-0.058,0.013,0.996,2.014,3.357,-1.221
-0.052,0.009,0.998,3.967,0.732,-1.770
-0.047,-0.001,0.996,4.883,0.427,-2.014
-0.040,-0.002,0.998,5.432,1.404,-1.648
-0.032,0.001,1.001,5.127,1.526,-0.427

0.096,-0.652,2.355,-40.771,-3.113,-20.691
0.157,-0.667,2.497,-109.131,5.005,0.061
0.192,-0.644,2.368,-155.212,6.653,15.076
0.166,-0.598,2.177,-225.525,-2.380,33.875
0.147,-0.453,1.792,-246.033,-13.184,35.156
0.116,-0.331,1.455,-272.583,-45.044,31.311
0.095,-0.289,1.276,-297.729,-73.669,32.349
0.054,-0.228,0.890,-312.256,-85.571,34.302
0.026,-0.199,0.706,-327.637,-99.731,37.354
-0.015,-0.081,0.405,-327.026,-101.562,35.706
0.017,0.067,0.204,-318.726,-106.079,20.935
0.030,0.120,0.120,-308.350,-111.389,12.085
-0.025,0.228,-0.031,-288.086,-109.131,1.831
-0.042,0.304,-0.099,-282.959,-90.332,2.441
-0.082,0.473,-0.182,-270.142,-39.063,10.681
-0.119,0.552,-0.236,-258.850,-23.560,11.902
-0.157,0.607,-0.331,-234.924,-8.972,-0.732
-0.243,0.681,-0.666,-230.469,-0.549,-8.240
-0.296,0.749,-0.878,-218.689,17.944,-10.986
-0.465,0.940,-1.306,-200.195,19.043,-5.859
-0.572,1.152,-1.790,-119.812,-7.874,-2.014
-0.627,1.032,-1.726,11.597,-61.157,-16.602
-0.574,0.858,-1.299,45.288,-37.415,-13.245
-0.444,0.993,-1.152,77.759,24.292,-8.606
-0.230,1.026,-0.902,110.535,27.405,-9.888
-0.230,0.947,-0.774,167.541,-2.319,-1.282
-0.383,0.782,-0.542,186.951,-10.864,7.629
-0.438,0.721,-0.402,223.755,6.470,17.212
-0.386,0.649,-0.018,237.427,21.118,11.597
-0.308,0.642,0.170,238.159,38.391,-5.188
-0.175,0.573,0.347,225.525,39.368,-7.690
-0.134,0.496,0.353,202.698,42.297,2.869
-0.111,0.320,0.405,207.947,45.532,11.230
-0.140,0.257,0.488,243.896,48.706,19.165
-0.185,0.170,0.690,256.042,57.068,16.479
-0.165,0.110,0.796,258.301,94.727,1.099
-0.001,-0.048,1.069,256.165,108.643,-8.667
0.063,-0.142,1.232,256.714,92.773,-17.456
0.080,-0.213,1.444,247.131,72.510,-14.832
0.071,-0.173,1.452,201.843,39.734,-8.972
0.017,-0.126,1.293,175.110,29.663,-6.653
0.028,-0.145,1.220,147.400,31.006,-0.793
0.051,-0.201,1.218,149.170,37.415,0.122
0.065,-0.199,1.289,162.292,48.950,0.305
0.062,-0.139,1.436,156.982,49.988,-0.671
0.066,-0.087,1.464,116.638,42.175,-1.770
0.050,-0.075,1.375,96.497,33.691,-0.977
0.050,-0.137,1.374,92.529,38.513,7.324
0.080,-0.247,1.914,121.887,61.218,15.808
0.144,-0.160,2.302,169.373,109.985,16.663
0.164,-0.043,2.164,91.858,65.186,7.019
0.042,-0.105,1.711,-69.824,-59.143,11.536
-0.114,0.106,0.907,-79.285,-88.501,7.202
-0.193,0.215,0.571,-43.884,-106.323,-18.860
-0.176,0.204,0.534,-0.732,-62.683,-19.226
-0.083,0.096,0.622,11.353,-31.128,-9.094
-0.029,0.039,0.732,29.236,18.738,13.367
0.006,-0.068,0.989,35.889,26.855,20.264
-0.013,-0.120,1.093,36.499,20.447,18.005
-0.018,-0.131,1.211,29.541,14.526,11.597
-0.023,-0.092,1.211,10.620,-5.371,2.380
-0.074,-0.010,1.082,2.930,-14.160,0.366
-0.097,0.018,0.995,-1.953,-18.372,-2.441
-0.132,0.048,0.893,0.977,-16.724,-4.028
-0.139,0.057,0.895,9.460,-8.911,-5.798
-0.140,0.046,0.957,12.085,-1.892,-5.493
-0.127,0.029,0.997,12.024,10.864,-4.150
-0.107,0.016,1.060,10.071,12.512,-3.479
-0.110,0.013,1.067,5.737,8.240,-5.005
-0.104,0.016,1.064,3.906,5.005,-6.897
-0.083,0.020,1.042,1.160,-0.854,-9.583
-0.071,0.014,1.024,0.122,-2.075,-9.827
-0.062,0.011,0.995,-1.343,-4.883,-7.629
-0.067,0.007,0.990,-1.038,-6.775,-6.165
-0.061,-0.003,1.003,0.366,-6.470,-5.188
-0.051,-0.004,1.020,-0.244,-6.287,-3.906
-0.045,-0.013,1.027,-1.709,-7.202,-2.197
-0.055,-0.012,1.017,-5.127,-8.606,1.404
-0.080,0.008,0.996,-6.165,-7.507,2.869
-0.087,0.011,0.997,-5.859,-3.845,4.883
-0.107,0.002,1.013,-5.493,-2.808,4.944
-0.106,0.008,1.011,-6.348,0.061,2.625
-0.100,0.012,1.006,-7.324,0.916,1.038
-0.085,0.011,0.999,-7.874,0.427,1.099
-0.079,0.015,0.991,-6.775,-2.258,1.282
-0.094,0.021,0.977,-5.310,-3.113,0.854
-0.109,0.029,0.974,-2.502,-0.671,-0.549
-0.127,0.032,0.993,-1.526,1.770,-1.465
-0.122,0.026,1.014,-1.770,5.249,-3.540
-0.101,0.015,1.022,-2.747,4.211,-4.089
-0.098,0.018,1.006,-3.845,1.404,-4.456
-0.095,0.022,0.990,-3.967,2.502,-4.517
-0.093,0.017,0.992,-3.723,7.935,-5.127
-0.079,0.010,1.005,-3.967,10.132,-5.798
-0.067,0.032,1.011,-4.761,9.460,-5.615
-0.072,0.037,1.001,-3.174,3.906,-4.395
-0.090,0.042,0.987,-1.709,2.075,-4.883
-0.087,0.043,0.991,0.488,1.648,-7.141
-0.056,0.043,1.000,1.160,0.610,-7.202
-0.046,0.037,0.999,1.770,-1.465,-6.287
-0.040,0.031,1.003,2.319,-4.822,-3.906
-0.041,0.028,1.006,2.441,-5.737,-2.869
-0.072,0.016,1.016,3.235,-7.263,-0.549
-0.094,0.022,1.019,3.235,-6.897,-0.122
-0.117,0.035,1.006,1.831,-0.671,-0.793
-0.117,0.023,0.997,0.061,8.850,-1.770
-0.096,0.001,1.004,-1.038,12.390,-2.014
-0.081,0.002,1.007,-1.343,11.902,-2.563
-0.067,0.016,1.005,-0.549,9.155,-2.869
-0.074,0.020,1.003,0.549,4.517,-1.648
-0.096,0.014,0.998,0.122,4.700,-1.282
-0.089,0.008,0.992,-1.465,10.010,-4.639
-0.036,0.017,0.990,-0.977,10.925,-7.019
-0.016,0.024,1.003,1.709,5.615,-8.118
-0.012,0.041,1.023,1.770,2.808,-6.897
-0.017,0.053,1.014,-0.244,0.549,-3.540
-0.047,0.058,0.992,-0.122,-0.122,-2.197
-0.067,0.052,1.001,1.221,-1.892,-0.610
-0.087,0.045,1.009,0.854,-3.174,0.183

0.175,-0.678,2.571,-48.035,30.212,13.916
0.169,-0.730,2.428,-139.221,-34.912,2.991
0.175,-0.640,2.262,-216.064,-73.730,-5.432
0.179,-0.406,1.831,-249.878,-87.708,-3.845
0.155,-0.323,1.577,-304.382,-100.769,8.972
0.117,-0.251,1.113,-320.923,-100.098,15.564
0.099,-0.211,0.956,-323.364,-113.220,17.395
0.101,-0.114,0.735,-316.162,-132.019,11.780
0.082,-0.072,0.540,-309.509,-170.105,3.479
0.068,-0.024,0.468,-315.674,-155.212,-0.549
0.155,0.125,0.387,-319.702,-130.066,-1.953
0.186,0.186,0.335,-320.923,-93.323,15.564
0.080,0.292,0.104,-314.819,-80.933,31.616
-0.030,0.349,-0.002,-296.509,-45.776,42.603
-0.164,0.383,-0.148,-287.537,-28.259,35.400
-0.177,0.399,-0.237,-274.780,-29.358,17.456
-0.258,0.458,-0.587,-269.043,-50.354,12.512
-0.362,0.484,-0.821,-263.123,-73.120,4.517
-0.562,0.578,-1.300,-257.446,-51.086,4.517
-0.627,0.680,-1.494,-198.364,26.489,10.132
-0.648,0.814,-1.717,-138.000,55.786,5.066
-0.585,0.777,-1.697,-3.418,50.354,-11.963
-0.521,0.685,-1.418,47.485,18.860,-9.705
-0.544,0.685,-1.244,117.798,-29.297,-0.793
-0.453,0.720,-0.942,142.151,-29.785,-2.136
-0.276,0.812,-0.770,178.101,-14.648,-6.958
-0.220,0.832,-0.709,196.411,-9.888,-7.874
-0.280,0.791,-0.502,243.591,-9.399,2.136
-0.380,0.748,-0.351,278.015,22.461,18.921
-0.466,0.618,-0.054,279.846,56.702,20.752
-0.422,0.549,0.046,257.263,120.361,8.728
-0.309,0.477,0.085,246.216,136.353,0.671
-0.272,0.413,0.071,261.902,138.123,-12.451
-0.215,0.202,0.164,282.898,138.672,-17.517
-0.151,0.108,0.310,324.646,163.025,-22.949
0.043,-0.059,0.791,340.210,178.040,-24.841
0.132,-0.143,1.051,335.266,190.124,-28.381
0.215,-0.242,1.312,309.387,174.683,-26.672
0.199,-0.263,1.301,250.671,98.999,-22.827
0.122,-0.410,1.155,238.892,60.425,-25.513
0.137,-0.512,1.161,242.432,24.597,-35.828
0.213,-0.549,1.321,220.337,22.156,-31.616
0.194,-0.411,1.398,196.106,25.269,-22.522
0.130,-0.413,1.335,147.522,38.757,-17.517
0.161,-0.553,1.287,129.028,47.363,-15.442
0.228,-0.673,1.447,154.419,50.354,4.578
0.229,-0.832,3.076,244.385,80.566,14.038
0.232,-0.469,3.869,282.410,45.288,-54.993
-0.006,-0.858,2.132,10.071,-66.162,-60.913
-0.199,-0.396,1.054,-345.520,-50.171,15.015
-0.006,0.640,0.024,-272.400,-11.475,2.197
0.087,0.608,-0.118,-58.899,-69.824,-60.303
0.113,0.224,0.200,6.165,-91.858,-57.434
0.167,0.014,0.746,64.453,-26.428,-0.854
0.142,-0.056,1.006,79.407,22.522,40.222
-0.004,-0.173,1.309,80.750,26.428,42.236
-0.046,-0.213,1.398,72.266,25.085,35.095
-0.087,-0.182,1.532,34.668,-5.188,8.484
-0.110,-0.177,1.350,14.832,-30.090,-2.930
-0.139,-0.072,1.105,-19.836,-46.875,-5.981
-0.150,0.052,0.893,-21.240,-38.086,-7.141
-0.134,0.024,0.881,-16.602,-10.498,-4.517
-0.114,0.014,0.905,-12.939,10.803,0.488
-0.066,-0.011,0.987,-9.644,13.916,0.854
-0.042,-0.025,1.024,-5.127,5.493,-1.526
-0.021,-0.025,1.046,-5.127,-2.136,-1.526
-0.032,-0.021,1.027,-6.470,-10.681,1.648
-0.054,-0.027,0.980,-6.104,-10.925,2.930
-0.069,-0.023,0.971,-3.296,-10.437,4.028
-0.106,-0.023,0.967,-1.770,-7.812,2.991
-0.101,-0.016,0.984,0.854,-2.747,0.366
-0.087,-0.008,1.043,1.587,-4.395,1.099
-0.095,-0.020,1.056,-2.319,-6.042,3.052
-0.084,-0.033,1.044,-6.287,-3.906,2.930
-0.071,-0.006,1.023,-11.169,-7.690,4.578
-0.083,-0.001,0.999,-12.329,-11.230,6.897
-0.083,0.001,0.955,-11.353,-8.362,8.850
-0.075,0.007,0.963,-4.822,-11.963,8.972
-0.111,0.004,0.997,-3.113,-15.991,10.315
-0.135,-0.002,0.994,-6.592,-5.493,8.667
-0.110,-0.004,0.980,-6.836,1.648,5.554
-0.098,-0.004,0.993,-4.211,0.549,3.601
-0.128,-0.010,1.010,0.061,-14.404,4.456
-0.127,-0.006,0.997,-1.770,-13.245,4.883
-0.086,0.011,0.985,-4.456,-4.211,5.127
-0.080,0.014,1.000,-2.441,-7.996,6.531
-0.116,-0.003,1.022,0.000,-20.081,9.888
-0.128,-0.004,1.006,-6.714,-6.042,9.094
-0.103,0.005,0.970,-8.118,2.258,8.484
-0.104,0.008,0.975,-3.784,-1.465,10.193
-0.151,-0.008,0.998,-2.197,-5.249,10.986
-0.169,0.006,0.984,-5.127,0.427,8.911
-0.166,0.012,0.970,-3.906,6.348,3.723
-0.162,0.016,0.963,-0.977,4.944,1.282
-0.165,0.014,0.969,3.784,3.357,-2.686
-0.149,0.006,0.979,4.578,5.310,-4.395
-0.126,0.004,0.983,5.066,8.301,-5.798
-0.086,-0.005,0.998,5.798,6.958,-5.371
-0.078,-0.011,1.007,6.104,2.808,-2.808
-0.067,-0.006,1.015,4.639,3.174,-0.427
-0.064,-0.000,1.011,0.732,7.080,5.676
-0.078,-0.004,0.987,0.366,8.484,7.935
-0.093,-0.014,0.973,3.113,9.460,8.789
-0.125,-0.019,0.969,5.310,9.277,7.263
-0.130,-0.020,0.976,9.338,9.949,2.808
-0.129,-0.016,0.994,10.742,9.949,0.916
-0.128,-0.011,1.005,11.230,9.155,-1.465
-0.128,-0.003,1.026,10.315,8.789,-2.075
-0.124,0.000,1.025,8.606,7.141,-3.479
-0.109,0.000,1.014,8.423,4.883,-3.967
-0.103,-0.005,1.013,7.019,0.488,-3.601
-0.080,-0.003,1.012,5.249,0.977,-2.686
-0.068,-0.003,1.005,4.150,0.854,-0.977
-0.074,-0.018,0.981,5.981,-1.038,-1.404
-0.086,-0.035,0.988,10.437,-1.892,-3.418
-0.088,-0.037,0.999,10.437,1.526,-2.441
-0.088,-0.043,1.022,9.338,2.625,-1.648
-0.086,-0.046,1.027,4.883,3.113,-0.610
-0.075,-0.044,1.013,2.869,2.686,0.000

0.314,-0.727,2.195,-15.747,42.297,-2.197
0.371,-0.783,2.324,-66.040,-15.991,0.305
0.320,-0.822,2.268,-103.149,-46.448,1.404
0.304,-0.752,2.127,-177.551,-67.322,3.479
0.318,-0.521,1.753,-209.656,-70.251,8.484
0.316,-0.447,1.556,-253.723,-74.585,27.344
0.270,-0.389,1.238,-265.991,-76.782,38.086
0.166,-0.370,1.008,-276.978,-96.436,50.293
0.082,-0.341,0.925,-278.870,-111.938,49.255
-0.059,-0.168,0.845,-275.696,-132.751,32.227
-0.103,-0.078,0.791,-293.701,-122.620,16.785
-0.158,0.040,0.541,-313.599,-102.417,17.761
-0.202,0.056,0.385,-348.694,-70.007,30.273
-0.300,0.127,0.052,-359.680,-68.420,31.982
-0.320,0.206,-0.178,-364.929,-86.426,9.338
-0.375,0.263,-0.806,-362.305,-101.440,-11.719
-0.414,0.293,-1.174,-355.164,-112.549,-43.091
-0.448,0.556,-1.921,-334.961,-93.994,-44.495
-0.507,0.764,-2.231,-221.924,-25.146,-20.203
-0.650,1.060,-2.346,-133.362,-0.488,-8.850
-0.674,1.018,-2.086,46.814,14.099,-5.859
-0.639,0.687,-1.225,111.084,14.954,-9.338
-0.604,0.606,-0.813,181.335,28.809,-15.442
-0.450,0.689,-0.234,198.059,41.077,-20.569
-0.351,0.745,-0.059,207.153,46.265,-28.320
-0.229,0.811,0.114,204.285,31.555,-25.574
-0.223,0.822,0.123,196.472,-7.263,-17.090
-0.268,0.809,0.105,194.885,-17.456,-15.259
-0.301,0.796,0.132,193.542,-9.216,-11.658
-0.344,0.779,0.213,189.087,9.644,-7.935
-0.334,0.748,0.242,177.368,62.378,1.648
-0.279,0.626,0.311,178.223,87.646,5.920
-0.264,0.568,0.344,192.749,122.803,5.859
-0.266,0.388,0.427,204.834,131.653,-0.671
-0.249,0.260,0.500,229.248,145.630,-20.264
-0.105,0.067,0.773,241.821,155.029,-28.992
-0.002,0.001,0.948,256.775,157.532,-41.992
0.222,-0.149,1.290,254.883,148.743,-45.654
0.311,-0.198,1.422,232.056,109.070,-42.236
0.366,-0.314,1.529,216.003,77.637,-36.377
0.321,-0.363,1.517,181.885,7.385,-32.898
0.229,-0.391,1.424,159.973,-11.292,-33.142
0.212,-0.329,1.330,113.647,-10.803,-30.334
0.173,-0.215,1.104,97.595,-7.324,-27.649
0.139,-0.230,1.013,93.262,-7.263,-21.667
0.136,-0.412,1.147,102.539,0.549,-15.625
0.159,-0.538,1.544,178.223,64.209,10.071
0.322,-0.451,2.928,245.483,116.455,14.709
0.333,-0.279,3.225,105.347,29.297,-18.250
-0.026,-0.370,1.715,-58.472,-64.819,-11.353
-0.130,-0.029,0.990,-150.146,-129.272,-8.179
-0.170,0.333,0.362,-106.384,-132.874,-29.846
-0.163,0.292,0.288,-23.071,-72.815,-39.856
-0.021,0.204,0.355,0.793,-23.682,-23.682
0.042,0.125,0.516,41.992,36.926,16.235
0.062,-0.037,0.992,59.631,42.664,28.931
0.032,-0.101,1.194,66.467,30.762,29.907
0.005,-0.165,1.388,54.260,18.555,22.766
-0.007,-0.140,1.379,17.944,-16.052,9.277
-0.068,-0.046,1.197,1.892,-30.640,5.066
-0.087,0.000,1.075,-15.381,-36.743,1.892
-0.096,0.042,0.898,-15.076,-33.936,2.808
-0.113,0.017,0.869,-4.578,-23.865,6.104
-0.110,0.002,0.889,1.221,-15.747,6.714
-0.090,-0.026,0.971,10.559,-4.211,5.249
-0.086,-0.041,1.019,13.428,-4.761,4.578
-0.090,-0.060,1.074,10.315,-8.301,3.723
-0.079,-0.053,1.074,5.066,-7.507,3.540
-0.076,-0.037,1.034,-2.563,-9.460,4.578
-0.080,-0.036,1.008,-5.920,-8.667,5.371
-0.055,-0.014,0.978,-6.470,-5.798,6.226
-0.063,-0.011,0.971,-2.075,-7.996,9.399
-0.113,-0.033,0.972,0.610,-10.254,9.521
-0.118,-0.029,0.981,1.465,-11.841,8.057
-0.142,-0.015,1.005,1.953,-14.282,8.240
-0.172,-0.018,1.013,2.686,-13.672,8.057
-0.193,-0.017,0.988,0.122,-6.409,5.981
-0.177,-0.016,0.970,-1.709,3.357,-0.183
-0.129,-0.021,0.980,0.916,1.465,-2.930
-0.112,-0.023,1.001,4.150,-2.197,-4.822
-0.087,-0.025,1.021,2.808,-0.427,-3.967
-0.083,-0.020,1.016,-1.526,3.845,-1.099
-0.088,-0.025,0.989,-2.258,4.395,-0.061
-0.096,-0.034,0.978,-0.793,3.052,0.427
-0.102,-0.040,0.984,2.136,-1.038,1.099
-0.105,-0.038,0.999,2.380,-1.770,1.770
-0.100,-0.027,0.998,-0.244,1.831,4.944
-0.084,0.004,0.986,-1.526,4.456,7.446
-0.082,0.009,0.981,-0.488,7.263,12.268
-0.091,-0.003,0.980,1.343,7.629,13.672
-0.100,-0.016,0.987,6.287,6.714,13.062
-0.125,-0.031,1.013,8.240,4.944,11.658
-0.137,-0.041,1.023,8.057,2.563,8.789
-0.144,-0.062,1.025,6.042,1.892,7.263
-0.144,-0.067,1.019,1.831,0.671,2.869
-0.126,-0.045,1.003,0.793,-0.061,0.671
-0.113,-0.029,1.000,0.977,-2.380,-1.160
-0.094,-0.020,1.001,1.282,-2.319,-0.854
-0.084,-0.024,1.008,0.854,-0.549,0.671
-0.071,-0.039,1.015,0.427,-0.549,1.831
-0.079,-0.048,1.008,0.305,-2.136,2.930
-0.099,-0.050,1.002,0.427,-2.991,2.991
-0.110,-0.042,0.999,0.244,-4.211,3.296
-0.132,-0.041,0.980,0.244,-2.686,2.563
-0.124,-0.037,0.982,1.038,-0.183,0.305
-0.108,-0.036,1.005,1.953,-2.441,0.366
-0.108,-0.044,0.999,0.671,-1.404,0.610
-0.074,-0.039,0.988,-0.366,2.014,0.366
-0.069,-0.036,1.020,0.122,0.427,3.174
-0.085,-0.039,1.027,-0.122,-1.587,5.249
-0.115,-0.027,0.991,-2.075,-1.709,6.592
-0.118,-0.020,0.980,-2.502,0.549,6.653
-0.122,-0.021,0.985,-0.671,3.418,7.446
-0.131,-0.043,1.010,0.610,2.319,7.324
-0.130,-0.047,1.012,1.160,0.000,5.920
-0.117,-0.048,0.994,1.099,0.671,5.005
-0.109,-0.045,0.992,1.587,2.319,3.662
-0.106,-0.052,1.001,2.075,1.587,3.418
-0.109,-0.049,1.001,1.038,1.038,2.380

0.148,-0.508,1.980,-39.063,1.526,-28.687
0.099,-0.475,1.943,-84.717,-53.955,-35.339
0.096,-0.394,1.835,-146.301,-42.786,-30.579
0.117,-0.203,1.499,-172.607,-34.973,-23.865
0.098,-0.151,1.242,-193.298,-46.143,-14.832
0.095,-0.138,1.188,-187.439,-71.716,-22.217
0.131,-0.087,1.129,-187.744,-83.984,-28.259
0.145,-0.057,1.073,-201.111,-97.351,-33.142
0.136,0.026,0.900,-210.632,-98.816,-30.334
0.113,0.061,0.815,-225.342,-97.595,-19.714
0.046,0.098,0.720,-228.699,-93.079,-14.221
0.020,0.111,0.719,-228.638,-79.712,-11.536
0.010,0.122,0.731,-230.164,-77.148,-13.062
-0.010,0.150,0.714,-239.197,-77.637,-9.583
-0.101,0.243,0.608,-245.605,-77.332,-5.981
-0.149,0.309,0.496,-268.372,-66.956,-4.089
-0.194,0.457,0.097,-283.203,-54.565,-6.042
-0.194,0.531,-0.172,-295.776,-32.654,-12.085
-0.261,0.690,-0.692,-288.086,-28.137,-12.878
-0.324,0.789,-0.960,-254.333,-13.611,-7.324
-0.460,0.928,-1.454,-225.586,-1.831,-5.127
-0.498,0.976,-1.582,-136.658,28.076,0.305
-0.451,1.077,-1.478,-82.520,40.344,3.296
-0.409,1.046,-1.303,17.639,34.851,6.287
-0.380,0.891,-0.890,56.641,21.790,5.188
-0.334,0.859,-0.689,111.755,5.432,-3.967
-0.179,0.878,-0.400,127.197,0.671,-6.775
-0.111,0.910,-0.344,138.977,-11.108,-4.395
-0.089,0.949,-0.337,145.386,-19.287,1.038
-0.234,0.863,-0.265,175.659,-24.292,17.517
-0.312,0.777,-0.161,194.885,-6.287,26.367
-0.344,0.646,0.166,224.976,67.078,37.048
-0.299,0.602,0.353,230.347,98.572,34.302
-0.214,0.475,0.604,220.642,107.422,18.982
-0.211,0.381,0.632,206.604,91.614,14.465
-0.241,0.219,0.647,188.171,68.481,12.939
-0.229,0.189,0.698,194.702,72.144,10.254
-0.151,0.175,0.859,214.783,81.421,-1.038
-0.105,0.140,0.942,220.093,79.712,-5.676
-0.069,-0.029,1.040,217.346,71.167,-10.376
-0.030,-0.109,1.073,205.322,79.895,-21.301
0.102,-0.142,1.204,204.895,76.416,-26.917
0.123,-0.145,1.290,208.130,57.922,-29.541
0.116,-0.146,1.387,199.280,10.071,-20.813
0.111,-0.154,1.362,166.138,-5.798,-5.615
0.062,-0.234,1.257,152.527,-4.761,1.953
0.013,-0.284,1.216,142.944,1.587,5.554
-0.005,-0.333,1.223,132.568,25.269,-4.944
0.034,-0.335,1.308,130.066,37.231,-11.597
0.086,-0.405,1.857,145.020,65.796,0.427
0.075,-0.469,2.364,210.022,115.479,12.634
0.120,-0.252,2.693,164.795,92.834,-1.526
0.063,-0.227,2.228,-66.223,-57.922,-11.597
-0.054,0.007,1.091,-113.220,-103.027,-10.071
-0.082,0.121,0.723,-95.093,-123.108,-32.227
-0.083,0.188,0.402,-69.946,-104.248,-37.842
-0.029,0.200,0.386,-17.212,-39.978,-15.686
0.030,0.095,0.548,4.639,-12.268,3.601
0.029,0.015,0.709,35.400,28.015,34.302
0.002,-0.079,1.043,42.419,37.109,41.687
-0.023,-0.111,1.165,41.504,22.095,38.086
-0.111,-0.108,1.290,34.363,5.066,30.823
-0.167,-0.083,1.275,11.475,-21.362,16.296
-0.227,-0.031,1.122,-0.061,-28.137,9.949
-0.231,-0.008,1.034,-10.559,-30.212,1.282
-0.226,0.011,0.923,-9.644,-25.757,-1.526
-0.217,0.013,0.905,-6.287,-9.277,-4.944
-0.178,-0.001,0.917,-4.456,0.122,-5.981
-0.151,-0.008,0.947,-0.549,11.902,-7.751
-0.112,-0.027,1.024,0.366,12.573,-7.812
-0.100,-0.030,1.043,-2.502,10.132,-6.714
-0.075,-0.022,1.033,-4.089,7.202,-6.409
-0.066,-0.010,1.015,-3.906,-2.136,-5.249
-0.082,0.011,0.974,-2.625,-5.188,-4.028
-0.093,0.016,0.964,0.732,-4.028,-1.404
-0.104,0.011,0.974,2.258,-1.892,-0.366
-0.105,0.010,0.994,4.028,-0.793,1.709
-0.117,-0.005,1.032,4.150,-1.953,2.869
-0.128,-0.014,1.039,1.770,-4.395,2.930
-0.140,-0.008,1.026,-0.061,-4.822,2.197
-0.143,-0.005,1.016,-1.404,-6.226,0.488
-0.151,-0.011,1.002,-1.526,-7.080,-0.061
-0.149,-0.015,1.000,-2.136,-6.836,-0.977
-0.139,-0.019,1.006,-2.441,-7.141,-1.282
-0.127,-0.016,1.012,-4.517,-7.202,-0.977
-0.104,-0.003,1.007,-6.104,-6.287,-0.122
-0.102,0.001,0.997,-8.423,-4.456,1.953
-0.108,0.004,0.983,-9.338,-2.991,2.991
-0.113,0.003,0.976,-9.094,-1.038,4.456
-0.144,-0.007,0.973,-8.057,-1.709,4.578
-0.162,-0.008,0.984,-8.606,-0.366,2.930
-0.171,0.007,1.013,-10.742,2.441,1.770
-0.164,0.010,1.029,-16.235,5.676,0.549
-0.141,0.008,1.052,-20.020,5.310,0.000
-0.123,0.022,1.047,-29.358,5.371,-0.977
-0.104,0.048,1.005,-30.884,4.395,-1.770
-0.104,0.050,0.975,-26.367,-1.221,-4.883
-0.104,0.068,0.927,-22.400,-3.601,-5.859
-0.119,0.073,0.911,-12.268,-5.005,-4.333
-0.156,0.071,0.903,-6.775,-3.052,-2.930
-0.164,0.062,0.913,2.686,3.784,-1.526
-0.160,0.043,0.958,6.287,6.165,-1.709
-0.154,0.035,0.980,11.169,5.493,-3.723
-0.135,0.026,1.008,12.024,3.784,-4.883
-0.125,0.032,1.009,10.681,3.052,-5.493
-0.103,0.043,0.989,10.132,3.784,-5.432
-0.095,0.044,0.979,11.475,4.944,-5.249
-0.082,0.037,0.977,12.451,6.470,-5.188
-0.071,0.038,0.990,12.939,10.742,-3.235
-0.096,0.033,1.024,12.695,10.986,-1.099
-0.120,0.024,1.039,10.498,10.620,0.916
-0.138,0.022,1.053,8.423,9.460,0.610
-0.140,0.020,1.050,4.089,2.747,-0.122
-0.131,0.015,1.028,1.709,0.183,-0.122
-0.125,0.009,1.006,-1.770,1.282,-1.343
-0.092,0.015,0.977,-2.319,3.357,-2.502
-0.078,0.020,0.977,-0.305,3.723,-2.380
-0.081,0.023,0.986,1.221,2.625,-1.526
-0.090,0.024,0.984,2.747,4.395,-1.221

0.127,-0.544,2.128,-47.913,32.654,-43.213
0.143,-0.547,2.136,-108.582,-8.728,-35.339
0.163,-0.558,2.013,-139.771,-16.174,-28.809
0.203,-0.518,1.932,-179.565,-3.845,-13.184
0.216,-0.460,1.920,-194.275,-3.052,-6.592
0.209,-0.361,1.756,-237.976,-40.039,3.662
0.198,-0.340,1.571,-297.729,-88.684,16.907
0.168,-0.291,1.130,-322.205,-107.056,23.865
0.141,-0.222,0.908,-340.210,-121.521,30.090
0.083,-0.058,0.525,-355.103,-127.319,36.804
0.058,0.006,0.370,-350.037,-118.225,36.987
0.029,0.156,0.200,-315.735,-97.290,27.832
0.013,0.243,0.172,-297.485,-83.557,20.813
0.013,0.458,0.171,-276.367,-28.870,17.883
0.029,0.504,0.174,-264.893,8.179,24.048
-0.062,0.477,-0.041,-265.503,3.967,30.396
-0.180,0.499,-0.303,-269.836,-11.719,34.607
-0.437,0.616,-1.052,-268.005,-43.213,28.320
-0.588,0.663,-1.460,-248.840,-54.810,19.897
-0.805,0.871,-2.048,-168.579,-55.420,-0.671
-0.758,0.965,-2.114,-108.643,-36.377,-12.695
-0.510,0.909,-1.828,17.395,11.353,-21.057
-0.414,0.828,-1.567,114.685,24.719,-13.794
-0.205,0.746,-1.038,151.123,21.851,-13.184
-0.117,0.769,-0.830,199.951,2.686,-9.033
-0.161,0.741,-0.545,217.712,-9.155,-3.662
-0.237,0.677,-0.434,239.746,5.249,8.850
-0.336,0.609,-0.167,242.432,35.278,13.977
-0.330,0.581,-0.013,245.117,100.769,16.479
-0.203,0.492,0.292,245.178,119.995,14.343
-0.116,0.432,0.430,247.742,116.211,13.367
-0.037,0.236,0.688,255.859,96.680,16.174
-0.099,0.078,0.809,273.865,56.946,15.747
-0.224,-0.144,1.005,271.545,59.692,5.554
-0.166,-0.140,1.083,249.817,98.694,-23.132
0.094,-0.091,1.247,246.033,110.291,-31.189
0.204,-0.138,1.360,263.123,93.506,-30.823
0.285,-0.334,1.587,268.921,75.500,-25.513
0.289,-0.367,1.662,249.268,42.847,-9.399
0.166,-0.364,1.678,224.182,26.611,-5.310
0.106,-0.364,1.614,152.771,12.268,-12.573
0.133,-0.286,1.378,119.507,14.893,-15.930
0.145,-0.201,1.239,86.121,4.700,-10.193
0.065,-0.130,1.059,84.229,-4.517,-5.249
0.012,-0.158,1.074,97.595,-6.287,8.484
-0.082,-0.148,1.664,113.525,11.597,18.372
0.041,-0.544,3.380,203.369,40.039,-13.489
0.017,-1.065,2.528,164.490,-15.442,-34.973
-0.145,0.140,0.559,-170.959,-52.246,27.771
-0.029,0.468,0.253,-112.488,-39.490,-2.563
-0.028,0.192,0.356,-17.517,-62.317,-18.494
-0.113,0.073,0.522,47.852,-34.912,-8.911
-0.067,0.020,0.841,43.945,9.766,4.272
-0.018,-0.008,1.001,44.556,41.443,25.696
-0.072,-0.109,1.634,48.889,26.001,22.888
-0.122,-0.308,1.642,13.367,-29.419,5.066
-0.169,-0.124,0.883,-25.513,-33.875,6.226
-0.117,0.050,0.743,-25.513,-13.550,1.648
-0.118,0.030,0.822,-3.479,-12.268,1.099
-0.138,-0.021,0.891,14.648,-0.916,1.404
-0.092,-0.037,1.148,13.916,5.920,0.671
-0.099,-0.076,1.208,1.953,-4.944,1.526
-0.141,-0.040,0.979,-8.301,-5.127,2.014
-0.116,0.014,0.923,-10.254,6.104,1.648
-0.123,-0.018,0.991,-3.723,5.066,2.808
-0.138,-0.065,1.022,-0.977,5.310,0.671
-0.081,-0.062,1.041,-4.028,5.371,-1.404
-0.057,-0.036,1.032,-6.653,-9.155,-0.244
-0.087,-0.024,0.971,-6.226,-14.893,-0.061
-0.054,0.011,0.949,-4.700,-9.216,-1.465
-0.047,0.033,0.975,-2.075,-8.728,1.526
-0.098,0.013,1.022,2.747,-14.404,13.000
-0.129,-0.010,1.019,-0.671,-7.141,15.137
-0.149,-0.022,1.011,-2.075,-4.089,12.024
-0.160,-0.036,1.007,-1.282,-5.554,4.517
-0.175,-0.055,1.006,-1.465,-3.906,1.160
-0.174,-0.051,1.012,-2.625,-0.610,-2.686
-0.153,-0.065,0.998,-3.662,-0.793,-4.272
-0.124,-0.061,0.982,-7.263,2.319,-7.751
-0.059,-0.013,0.958,-7.263,1.770,-7.385
-0.058,0.011,0.959,-1.404,-7.385,-3.967
-0.085,0.017,0.973,1.404,-9.583,-2.563
-0.087,0.017,0.982,2.319,-4.517,3.052
-0.117,0.012,0.989,2.991,-2.930,6.531
-0.154,-0.008,0.987,4.700,-1.831,6.897
-0.175,-0.023,0.993,4.456,0.427,3.174
-0.122,-0.000,1.005,4.028,0.427,-3.296
-0.107,0.002,1.010,4.333,-1.099,-4.395
-0.097,-0.016,1.022,3.967,0.610,-3.174
-0.113,-0.035,1.020,1.648,1.892,0.793
-0.130,-0.071,0.981,-0.366,3.235,1.099
-0.114,-0.061,0.959,-1.465,4.517,0.732
-0.118,-0.031,0.944,0.977,3.113,1.038
-0.136,-0.025,0.959,5.920,2.991,2.136
-0.130,-0.007,1.014,7.080,2.869,2.686
-0.119,-0.007,1.041,7.935,-4.211,3.296
-0.109,-0.036,1.064,5.981,-7.019,3.174
-0.098,-0.039,1.042,-1.892,-4.150,3.784
-0.077,-0.013,0.988,-3.235,-2.075,4.272
-0.090,-0.005,0.984,0.488,-1.526,5.615
-0.136,-0.021,0.996,1.282,0.916,6.836
-0.147,-0.037,0.990,1.160,5.371,7.751
-0.162,-0.078,0.954,2.319,2.625,6.226
-0.167,-0.081,0.946,3.845,-3.052,0.366
-0.116,-0.038,1.010,3.784,-2.380,-1.648
-0.091,-0.028,1.060,2.502,-5.798,-0.427
-0.096,-0.023,1.023,-2.563,-8.179,3.540
-0.108,-0.000,0.964,-2.502,-7.019,5.188
-0.133,-0.011,0.966,3.357,-7.385,5.493
-0.166,-0.035,0.999,4.944,-6.958,3.418
-0.155,-0.022,1.000,3.723,-4.578,-0.122
-0.147,-0.020,0.997,3.235,-2.991,-0.610
-0.137,-0.035,1.012,2.747,-1.465,-0.122
-0.134,-0.045,1.012,0.916,1.709,2.014
-0.140,-0.074,0.991,0.488,2.441,2.869
-0.144,-0.087,0.986,-0.549,5.737,1.526
-0.127,-0.075,0.985,-1.160,8.179,-0.244
-0.114,-0.054,0.990,-0.488,5.798,-2.563
-0.118,-0.028,0.999,0.000,2.258,-2.075

0.043,-0.862,2.413,5.310,56.030,-62.744
0.323,-0.730,2.647,-61.890,23.193,-71.899
0.335,-0.693,2.449,-171.265,-40.161,-45.593
0.188,-0.622,1.833,-211.487,-39.856,-28.748
0.153,-0.525,1.615,-246.826,-9.094,-7.385
0.119,-0.397,1.401,-252.747,-28.442,0.854
0.057,-0.351,1.261,-257.996,-46.997,-0.488
0.092,-0.291,1.168,-279.907,-78.613,-4.272
0.165,-0.124,0.922,-291.748,-99.365,-1.648
0.143,-0.035,0.756,-310.059,-142.761,2.808
0.047,0.080,0.371,-316.223,-149.353,-0.427
0.007,0.121,0.191,-318.298,-108.521,-11.230
-0.015,0.278,-0.028,-313.232,-69.214,-12.268
-0.008,0.441,-0.187,-287.170,-6.470,-2.991
-0.033,0.488,-0.325,-274.719,-2.502,0.244
-0.098,0.573,-0.752,-280.334,-8.667,0.916
-0.178,0.643,-1.039,-279.846,-18.921,12.146
-0.509,0.757,-1.589,-260.742,-16.357,20.569
-0.630,0.832,-1.789,-168.884,5.188,20.752
-0.633,1.011,-1.804,-97.595,8.057,10.254
-0.570,1.026,-1.574,48.523,2.380,-6.042
-0.442,0.856,-0.985,96.924,6.104,-6.958
-0.341,0.825,-0.774,130.127,19.287,-9.888
-0.074,0.942,-0.548,135.071,13.000,-13.062
-0.017,0.963,-0.498,161.072,-39.734,-6.287
-0.154,0.853,-0.366,181.274,-56.702,5.859
-0.258,0.785,-0.242,214.905,-6.958,34.241
-0.274,0.686,0.081,224.182,46.021,45.105
-0.242,0.626,0.240,228.455,114.807,55.664
-0.282,0.439,0.439,221.985,119.385,53.162
-0.289,0.344,0.509,211.365,112.793,33.936
-0.239,0.195,0.707,219.299,101.746,22.644
-0.233,0.109,0.845,243.652,70.190,2.747
-0.195,-0.019,1.069,242.554,61.096,-3.540
-0.153,-0.063,1.149,219.177,60.791,-9.216
-0.046,-0.243,1.313,214.783,68.298,-10.010
0.026,-0.337,1.454,219.727,88.379,-18.860
0.132,-0.363,1.724,216.797,81.604,-24.902
0.130,-0.310,1.745,171.387,26.978,-29.114
0.063,-0.206,1.579,139.893,0.305,-25.635
0.017,-0.200,1.436,98.083,-13.977,-20.813
-0.007,-0.175,1.218,85.083,-1.343,-21.606
0.012,-0.114,1.167,74.890,35.095,-16.113
0.063,-0.044,1.198,78.552,49.316,-11.169
0.078,-0.046,1.269,87.219,61.462,-3.601
0.110,-0.049,1.386,87.952,59.265,-2.258
0.123,-0.026,1.423,85.266,26.245,-2.747
0.047,-0.005,1.453,84.351,-2.258,-2.441
-0.032,-0.009,1.466,94.727,-28.259,-0.671
-0.115,0.072,1.464,92.346,-25.269,-1.587
-0.150,0.080,1.369,46.265,-31.006,-5.066
-0.219,0.020,1.063,23.743,-34.729,-4.822
-0.224,0.014,0.947,11.108,-31.738,-6.348
-0.165,0.020,0.886,14.648,-29.236,-8.362
-0.125,0.003,0.933,21.179,-26.306,-5.005
-0.082,-0.054,1.048,19.775,-23.315,0.305
-0.103,-0.077,1.063,10.559,-16.052,11.230
-0.117,-0.077,1.044,6.165,-13.245,13.611
-0.125,-0.068,1.023,1.770,-10.986,12.329
-0.136,-0.047,0.987,2.197,-11.536,9.644
-0.134,-0.034,0.974,6.165,-14.221,3.174
-0.125,-0.010,0.984,7.812,-13.794,1.343
-0.113,-0.003,1.011,8.789,-5.615,3.235
-0.111,-0.007,1.071,8.606,-4.028,5.920
-0.128,-0.033,1.081,3.967,-7.690,6.653
-0.113,-0.051,1.058,-0.305,-8.484,4.578
-0.097,-0.035,1.034,-5.249,-14.648,4.150
-0.134,-0.026,0.980,-5.859,-17.456,5.676
-0.155,-0.020,0.965,-5.554,-13.062,6.226
-0.182,-0.008,0.967,-4.395,-10.864,6.592
-0.208,-0.019,0.974,-1.465,-7.568,6.653
-0.236,-0.070,0.974,-1.282,-4.089,4.883
-0.233,-0.086,0.971,-3.662,2.563,-0.122
-0.208,-0.089,0.962,-4.822,5.188,-2.930
-0.175,-0.058,0.970,-3.479,6.775,-6.226
-0.161,-0.046,0.984,-1.709,5.920,-6.531
-0.127,-0.028,1.002,-2.014,8.362,-5.249
-0.109,-0.011,1.003,-2.930,10.010,-4.211
-0.091,0.011,0.996,-2.625,6.104,-1.465
-0.097,0.007,0.990,-1.221,2.869,-0.061
-0.101,-0.005,0.995,2.380,-1.038,0.610
-0.105,-0.006,1.006,2.991,-1.587,1.709
-0.146,-0.029,1.005,0.549,0.305,6.653
-0.160,-0.040,0.986,-1.648,4.272,8.118
-0.155,-0.033,0.964,-3.601,12.146,7.141
-0.156,-0.031,0.978,0.488,12.268,4.578
-0.149,-0.031,1.027,1.770,11.230,3.479
-0.139,-0.029,1.043,0.671,5.798,2.380
-0.132,-0.024,1.019,-1.099,3.174,1.953
-0.122,-0.022,0.987,-2.869,3.723,0.854
-0.095,-0.017,0.945,-1.526,3.418,1.587
-0.096,-0.023,0.940,4.700,-1.099,4.456
-0.121,-0.034,0.959,7.874,-3.174,5.310
-0.134,-0.037,0.975,10.620,-2.014,6.592
-0.161,-0.052,0.994,9.827,0.366,6.897
-0.170,-0.059,0.992,6.592,5.493,4.272
-0.158,-0.061,0.980,6.470,5.859,1.282
-0.153,-0.056,0.978,7.751,3.174,-2.808
-0.152,-0.043,0.974,7.202,4.456,-2.808
-0.142,-0.040,0.971,5.432,7.141,-1.892
-0.109,-0.029,1.055,5.554,5.859,-2.075
-0.102,-0.050,1.129,2.747,-3.540,-4.211
-0.104,-0.039,1.010,-2.686,-7.507,-4.333
-0.097,-0.001,0.940,-5.249,-2.991,-2.563
-0.126,-0.013,0.987,-0.244,-4.028,-0.610
-0.159,-0.053,1.015,4.761,-7.935,0.183
-0.157,-0.077,1.012,2.441,-4.028,-1.221
-0.144,-0.074,1.012,-1.526,1.221,-1.648
-0.145,-0.071,1.017,-3.845,1.587,-1.526
-0.135,-0.056,1.004,-9.277,5.249,-2.441
-0.107,-0.035,0.955,-8.362,5.737,-3.174
-0.100,-0.034,0.961,-0.977,-1.038,-5.127
-0.096,-0.029,0.994,2.014,-5.127,-5.432
-0.097,-0.020,0.999,4.395,-10.437,-2.319
-0.138,-0.018,0.995,5.127,-12.268,0.671
-0.162,-0.033,1.000,4.211,-8.118,3.601
-0.161,-0.052,1.009,2.441,-3.845,2.991
-0.142,-0.040,1.009,0.732,-0.732,1.038
-0.125,-0.007,1.013,0.977,-0.061,1.465

-0.240,-0.650,2.033,-10.620,47.180,-28.442
-0.067,-0.763,2.565,-42.664,59.326,-53.711
0.004,-0.730,2.639,-80.383,40.527,-58.044
0.043,-0.705,2.306,-187.317,-29.663,-51.758
0.065,-0.699,2.075,-224.243,-40.649,-44.373
0.226,-0.433,1.773,-258.728,0.427,-24.658
0.305,-0.288,1.671,-274.719,8.423,1.831
0.301,-0.299,1.447,-281.494,-9.888,14.526
0.285,-0.360,1.333,-302.856,-51.758,26.062
0.269,-0.361,1.079,-318.176,-71.472,28.625
0.213,-0.320,0.902,-358.276,-103.577,36.072
0.111,-0.228,0.417,-377.380,-107.971,36.743
0.096,-0.176,0.162,-382.446,-97.961,34.729
0.072,-0.019,-0.249,-367.859,-99.670,33.325
0.009,0.117,-0.434,-338.684,-113.892,24.231
-0.207,0.308,-0.797,-326.904,-103.149,17.761
-0.280,0.398,-0.984,-311.157,-34.119,7.080
-0.326,0.615,-1.424,-298.950,0.854,9.644
-0.407,0.735,-1.690,-223.022,10.986,23.682
-0.675,0.792,-2.014,-155.029,-7.324,17.700
-0.709,0.728,-1.905,-17.883,-25.208,-14.038
-0.478,0.702,-1.421,22.705,-13.489,-21.667
-0.355,0.729,-1.190,75.928,11.841,-15.686
-0.220,0.761,-0.806,103.271,14.709,-12.390
-0.170,0.776,-0.646,149.292,11.780,-9.399
-0.082,0.824,-0.427,164.246,5.188,-7.202
-0.093,0.824,-0.371,187.683,-19.531,2.991
-0.295,0.723,-0.197,203.064,-15.686,11.414
-0.346,0.680,-0.029,231.567,62.622,21.423
-0.202,0.616,0.378,234.924,104.065,17.456
-0.091,0.572,0.542,223.328,117.554,4.395
-0.019,0.465,0.630,210.449,92.102,5.737
-0.093,0.395,0.590,201.416,41.260,15.686
-0.265,0.234,0.649,213.745,35.828,12.024
-0.251,0.229,0.839,239.685,49.927,-16.724
-0.053,0.239,1.293,239.685,47.241,-29.297
0.005,0.174,1.377,199.890,14.221,-22.766
-0.016,0.077,1.282,175.049,4.761,-7.324
-0.065,0.074,1.182,157.349,22.766,19.836
-0.121,0.023,1.050,166.382,39.307,22.583
-0.141,-0.011,1.056,193.787,48.584,12.939
-0.134,-0.073,1.230,200.989,47.791,2.991
-0.077,-0.074,1.344,182.678,46.204,-16.907
0.057,0.008,1.426,159.119,36.621,-20.569
0.062,0.050,1.358,117.493,-3.662,-9.644
-0.091,0.019,1.143,111.389,-21.118,-4.211
-0.135,-0.025,1.101,111.938,-13.733,1.343
-0.120,-0.025,1.130,108.887,8.118,6.958
-0.111,-0.007,1.172,104.858,41.016,19.470
-0.151,-0.058,1.342,106.873,38.574,21.973
-0.182,-0.105,1.511,114.014,36.804,18.494
-0.177,-0.100,3.066,138.733,35.217,-1.404
0.003,-0.603,2.871,59.753,-58.105,-26.184
-0.020,-0.121,0.860,-82.886,-92.468,8.606
-0.036,0.295,0.546,-120.178,-92.834,30.518
-0.029,0.293,0.504,-53.467,-92.896,23.804
-0.133,0.189,0.496,15.137,-78.430,28.931
-0.302,0.089,0.563,29.236,-47.607,34.790
-0.317,0.033,0.672,47.302,11.047,37.415
-0.301,-0.089,0.960,51.208,25.085,35.278
-0.298,-0.026,1.247,53.467,25.879,15.869
-0.230,-0.260,1.626,50.049,-0.305,-5.127
-0.182,-0.316,1.143,-10.681,-47.913,-4.395
-0.183,0.077,0.694,-22.705,-33.997,-1.221
-0.158,0.084,0.871,10.437,-3.357,-10.315
-0.194,-0.066,1.125,12.939,-1.892,-8.240
-0.225,-0.078,1.041,-2.869,-3.113,-1.282
-0.243,-0.024,0.944,-5.127,-1.831,-1.709
-0.238,-0.022,0.981,-1.404,-3.784,-3.845
-0.230,-0.016,0.984,-1.770,-4.150,-3.662
-0.214,0.004,0.968,-4.883,-0.549,-1.709
-0.209,0.003,0.967,-2.808,0.793,-1.038
-0.201,0.006,0.979,-0.793,-2.441,-1.343
-0.203,0.003,0.975,3.052,-10.986,-1.160
-0.214,-0.025,0.981,3.601,-13.184,-0.793
-0.213,-0.038,0.977,3.052,-13.428,0.549
-0.225,-0.054,0.976,2.991,-14.038,1.465
-0.244,-0.054,0.981,1.099,-14.221,3.845
-0.276,-0.038,0.965,-0.549,-12.024,4.700
-0.278,-0.031,0.955,-1.343,-7.263,3.052
-0.261,-0.016,0.962,-0.793,-7.263,1.770
-0.253,-0.012,0.968,0.732,-9.766,0.244
-0.234,0.000,0.978,1.221,-10.498,-0.427
-0.221,0.009,0.979,1.648,-12.329,1.038
-0.218,-0.003,0.971,2.136,-14.099,3.540
-0.247,-0.036,0.973,2.747,-16.968,7.690
-0.265,-0.040,0.969,2.686,-19.226,9.216
-0.300,-0.034,0.953,3.357,-20.447,9.033
-0.313,-0.032,0.948,3.418,-18.921,8.179
-0.319,-0.048,0.941,2.258,-14.832,8.118
-0.317,-0.055,0.943,0.061,-5.127,7.019
-0.320,-0.048,0.955,0.366,-2.563,5.005
-0.319,-0.039,0.957,1.831,-3.174,-0.732
-0.299,-0.017,0.949,2.014,-2.808,-2.441
-0.292,-0.013,0.953,1.465,0.549,-2.686
-0.290,-0.028,0.965,0.671,2.197,-2.136
-0.289,-0.035,0.964,-1.099,2.441,-0.916
-0.288,-0.037,0.956,-1.648,2.014,-0.427
-0.292,-0.040,0.954,-2.136,5.127,0.000
-0.294,-0.048,0.955,-1.892,6.775,-0.488
-0.287,-0.049,0.961,-1.160,7.324,-1.892
-0.262,-0.039,0.974,-1.282,6.775,-1.709
-0.255,-0.028,0.975,-2.747,4.822,1.221
-0.259,-0.021,0.965,-3.235,3.967,3.052
-0.267,-0.020,0.960,-3.113,3.296,4.639
-0.270,-0.021,0.962,-2.991,3.723,5.005
-0.268,-0.020,0.958,-2.686,3.967,6.287
-0.273,-0.024,0.951,-2.014,3.418,6.470
-0.276,-0.028,0.957,-0.122,1.221,5.676
-0.279,-0.027,0.961,0.671,0.183,5.127
-0.271,-0.019,0.964,1.038,0.977,3.723
-0.261,-0.016,0.963,0.610,2.197,3.357
-0.250,-0.017,0.963,0.977,1.404,4.089
-0.261,-0.034,0.967,1.404,-0.916,5.188
-0.280,-0.043,0.967,0.122,-0.977,6.470
-0.293,-0.046,0.956,-0.671,0.671,5.737
-0.295,-0.044,0.951,0.122,0.916,3.357
-0.300,-0.046,0.954,0.977,0.793,2.197
-0.285,-0.035,0.963,1.282,1.953,0.122

0.046,-0.608,2.448,-37.109,82.458,-33.630
0.114,-0.666,2.643,-97.595,22.034,-21.606
0.083,-0.702,2.589,-138.245,-4.639,-10.376
0.095,-0.638,2.278,-218.750,-0.305,5.737
0.088,-0.592,2.076,-277.893,5.554,13.000
0.078,-0.537,1.709,-298.950,-6.226,11.658
0.070,-0.521,1.409,-325.684,-49.988,11.414
0.050,-0.520,1.238,-358.582,-102.539,15.198
0.020,-0.468,0.751,-382.629,-127.686,16.235
0.031,-0.410,0.447,-422.974,-158.875,10.010
0.100,-0.209,-0.176,-430.359,-165.344,3.235
0.099,-0.135,-0.491,-391.418,-162.109,-20.508
0.038,0.176,-0.936,-352.356,-146.179,-37.292
0.029,0.422,-1.087,-260.315,-85.571,-63.293
0.016,0.763,-1.243,-211.792,-50.415,-67.749
-0.008,0.891,-1.219,-135.498,17.151,-59.814
-0.005,0.927,-1.225,-118.225,40.527,-50.720
-0.018,0.994,-1.315,-95.337,48.828,-24.292
-0.061,1.014,-1.322,-74.097,31.311,-8.667
-0.191,1.040,-1.181,-15.198,-6.165,14.587
-0.239,1.035,-1.045,16.174,-9.155,19.043
-0.247,0.986,-0.751,69.580,7.690,14.465
-0.192,0.995,-0.630,92.957,16.357,6.592
-0.115,1.120,-0.510,98.083,9.277,8.789
-0.151,1.136,-0.497,115.723,-11.230,21.790
-0.294,0.966,-0.475,127.747,-8.606,30.029
-0.342,0.857,-0.434,153.381,35.645,41.382
-0.318,0.712,-0.271,169.189,65.918,42.664
-0.276,0.645,-0.153,204.895,99.976,39.490
-0.206,0.492,0.108,219.116,98.755,34.546
-0.163,0.429,0.244,228.699,91.064,27.649
-0.048,0.250,0.548,243.713,74.890,16.479
-0.003,0.144,0.698,252.686,72.693,16.418
0.032,-0.032,0.938,264.771,86.731,20.630
0.047,-0.088,1.040,265.747,98.022,20.203
0.062,-0.130,1.158,264.709,89.966,8.362
0.055,-0.231,1.435,259.338,73.120,0.610
0.051,-0.242,1.534,223.511,45.044,-6.104
0.048,-0.237,1.601,198.914,35.522,-7.690
0.055,-0.235,1.582,152.344,22.827,-7.935
0.069,-0.145,1.485,132.141,13.672,-5.920
0.069,-0.064,1.358,103.516,-3.662,-1.587
0.068,-0.048,1.302,95.520,-6.653,-0.854
0.062,-0.037,1.201,84.534,1.038,-3.845
0.069,-0.008,1.160,75.317,9.521,-3.906
0.056,0.043,1.098,72.571,4.700,-1.404
0.028,0.032,1.085,69.519,-1.953,7.629
-0.034,0.002,1.113,67.810,3.357,12.573
-0.080,0.004,1.155,73.853,11.169,17.761
-0.278,-0.090,1.592,95.459,23.499,17.395
-0.255,-0.079,2.009,134.766,58.228,13.489
0.058,0.102,2.179,109.497,78.247,-7.935
0.029,0.076,1.868,-31.372,-40.955,8.911
-0.118,0.081,1.028,-49.316,-79.041,13.062
-0.182,0.039,0.709,-29.968,-96.924,-14.587
-0.163,0.035,0.460,-12.573,-77.393,-27.100
-0.092,0.084,0.502,14.221,-7.446,-18.616
-0.007,0.107,0.729,26.428,20.752,-5.615
-0.014,0.061,0.867,47.852,37.292,8.057
-0.090,-0.013,1.160,54.687,35.217,7.263
-0.110,-0.013,1.260,44.434,27.649,-4.517
-0.089,0.038,1.289,30.945,20.691,-10.742
-0.071,0.073,1.230,8.667,-0.854,-15.076
-0.088,0.089,1.048,3.784,-9.399,-14.282
-0.095,0.082,0.980,0.549,-9.949,-10.742
-0.071,0.037,0.927,-0.305,-6.165,-7.507
-0.067,0.035,0.973,5.676,7.324,1.099
-0.057,0.007,1.038,6.226,9.766,2.747
-0.068,-0.020,1.045,6.836,2.136,1.282
-0.093,-0.035,1.015,5.249,-1.099,-0.793
-0.094,-0.027,0.991,2.380,0.061,-3.601
-0.096,0.002,0.950,1.648,2.563,-3.845
-0.099,0.015,0.932,5.920,8.179,-6.470
-0.081,0.011,0.937,10.132,9.155,-8.850
-0.065,0.010,0.969,16.113,7.812,-8.789
-0.053,-0.020,1.038,16.541,8.240,-7.751
-0.045,-0.016,1.064,12.451,9.155,-8.423
-0.014,-0.013,1.067,11.414,5.615,-10.315
-0.012,-0.024,1.016,12.024,-9.705,-9.766
-0.047,0.006,0.966,12.817,-13.794,-7.812
-0.060,0.018,0.979,16.418,-9.216,-6.226
-0.077,-0.011,0.986,19.226,-5.310,-7.996
-0.074,-0.039,0.990,22.644,-1.465,-13.062
-0.066,-0.081,1.044,21.057,-0.732,-13.123
-0.071,-0.089,1.067,7.019,4.272,-6.897
-0.054,-0.036,1.024,-0.610,7.019,-3.784
-0.056,-0.024,0.975,-0.854,0.488,-2.563
-0.061,-0.042,1.000,3.906,-4.150,-2.441
-0.050,-0.050,1.016,3.357,-2.869,-0.916
-0.053,-0.047,0.993,3.418,-5.066,0.610
-0.079,-0.066,1.009,4.150,-5.981,-0.061
-0.079,-0.067,1.029,0.671,-0.366,0.061
-0.067,-0.042,1.010,-2.075,2.136,0.793
-0.059,-0.032,0.989,-1.770,0.183,0.793
-0.054,-0.026,0.973,1.648,-4.517,-0.061
-0.058,-0.036,0.990,6.104,-11.108,-0.671
-0.072,-0.057,1.023,5.371,-9.949,0.732
-0.090,-0.068,1.023,1.526,-5.127,2.319
-0.100,-0.055,1.007,-0.122,-3.357,1.831
-0.096,-0.041,0.988,0.854,-2.686,0.305
-0.087,-0.032,0.981,2.991,-3.662,-0.305
-0.083,-0.040,1.001,5.310,-6.409,-0.916
-0.081,-0.060,1.019,4.211,-5.920,-1.038
-0.073,-0.057,1.009,1.587,-1.038,-0.488
-0.069,-0.057,0.992,1.526,-0.244,-0.122
-0.075,-0.062,1.002,0.732,-0.916,0.000
-0.067,-0.045,0.996,-0.061,-1.770,0.854
-0.067,-0.036,0.982,2.380,-6.226,3.296
-0.081,-0.048,0.995,4.028,-7.141,3.723
-0.087,-0.055,1.005,4.517,-6.653,3.723
-0.097,-0.056,1.000,4.272,-7.141,3.296
-0.109,-0.062,1.008,2.686,-5.188,1.831
-0.110,-0.064,0.999,1.404,-2.441,1.160
-0.107,-0.064,0.990,0.854,0.183,0.244
-0.102,-0.072,1.008,0.854,0.549,0.427
-0.097,-0.067,1.012,-1.343,2.197,1.709
-0.095,-0.044,0.997,-2.258,2.441,2.136
-0.105,-0.041,0.994,-3.235,4.639,1.221
-0.108,-0.047,0.990,-3.540,6.653,-0.549

-0.028,-0.756,2.285,-60.669,130.615,21.362
0.134,-0.676,2.255,-129.028,90.027,10.132
0.146,-0.694,2.123,-185.608,13.306,-4.150
0.168,-0.630,1.890,-224.365,-1.831,-19.653
0.224,-0.488,1.737,-243.530,-5.493,-22.095
0.241,-0.513,1.572,-278.992,-23.499,-15.320
0.251,-0.546,1.491,-318.726,-43.945,-5.493
0.289,-0.451,1.239,-340.332,-57.373,2.563
0.283,-0.376,1.043,-367.798,-90.820,20.630
0.202,-0.217,0.634,-370.605,-107.605,25.208
0.159,-0.069,0.261,-357.727,-136.963,17.944
0.116,-0.028,0.085,-346.252,-154.358,7.385
-0.010,0.059,-0.291,-330.688,-150.269,-14.954
-0.038,0.147,-0.459,-317.688,-64.514,-23.071
-0.021,0.459,-0.784,-305.298,-20.325,-20.447
-0.054,0.590,-0.945,-260.132,18.494,-12.146
-0.192,0.768,-1.353,-235.535,17.761,-10.986
-0.236,0.842,-1.566,-189.575,-6.775,-20.569
-0.198,0.999,-1.911,-160.950,-31.616,-25.574
-0.197,1.074,-1.975,-80.627,-87.708,-20.691
-0.275,1.105,-1.899,-33.203,-83.496,-14.648
-0.244,1.092,-1.746,55.237,-9.888,-1.221
-0.069,1.067,-1.273,92.651,22.949,6.653
-0.008,1.034,-1.030,146.057,38.025,16.907
-0.005,0.976,-0.649,160.156,30.945,20.996
-0.046,0.937,-0.526,178.528,21.667,31.738
-0.108,0.807,-0.326,190.430,25.391,36.377
-0.123,0.750,-0.216,215.759,43.274,41.504
-0.113,0.656,0.026,225.220,54.993,42.358
-0.111,0.598,0.142,231.140,70.984,42.603
-0.170,0.438,0.342,230.225,75.195,41.565
-0.182,0.333,0.477,238.831,89.600,31.555
-0.123,0.121,0.878,248.108,97.046,25.574
-0.075,0.073,1.042,248.413,94.299,17.761
0.006,0.064,1.148,236.633,74.524,13.977
-0.016,0.042,1.113,213.806,8.423,8.972
-0.081,-0.061,1.086,209.290,-16.052,5.981
-0.098,-0.133,1.121,203.064,-20.142,3.235
-0.079,-0.170,1.205,195.007,0.305,4.272
-0.035,-0.129,1.222,175.415,43.945,4.517
0.042,-0.074,1.222,166.504,48.523,4.517
0.061,-0.058,1.214,150.085,36.377,8.423
0.097,0.035,1.237,142.883,35.400,13.428
0.110,0.077,1.248,139.160,37.415,24.536
0.064,0.062,1.217,138.672,28.931,28.381
0.017,0.004,1.207,140.442,1.953,30.396
-0.003,-0.163,1.345,145.813,-2.747,27.588
-0.006,-0.237,1.619,189.758,14.648,19.531
0.020,-0.324,2.528,227.722,34.851,14.343
0.037,-0.263,2.690,162.781,16.724,-11.902
-0.063,-0.259,1.849,47.485,-33.997,-24.902
-0.084,-0.251,1.218,-71.411,-70.068,-37.048
-0.068,-0.110,0.478,-55.298,-53.955,-37.598
-0.139,-0.012,0.366,-6.409,-8.301,-25.513
-0.121,-0.041,0.566,24.292,40.405,-4.700
-0.122,-0.053,0.762,42.358,53.040,2.441
-0.114,-0.076,1.165,74.280,54.626,-0.488
-0.075,-0.097,1.309,77.820,44.617,-20.752
0.077,-0.075,1.726,71.594,30.518,-34.912
0.154,-0.195,1.528,21.729,-6.287,-40.283
0.050,-0.035,0.737,-5.249,-1.221,-31.250
0.109,0.047,0.745,8.972,11.414,-26.245
0.182,0.002,1.090,20.752,3.357,-15.930
0.093,-0.064,1.135,13.184,-16.968,8.484
-0.086,-0.122,1.089,2.686,-12.146,12.573
-0.093,-0.089,1.046,-13.123,2.991,12.817
-0.067,-0.009,0.954,-13.672,1.404,12.512
-0.067,0.003,0.958,-4.150,-8.240,9.583
-0.075,-0.028,0.994,0.305,-9.705,7.996
-0.072,-0.055,1.009,3.418,-7.019,5.493
-0.051,-0.087,1.021,1.709,-5.859,5.554
-0.051,-0.097,1.021,-3.296,-0.427,8.118
-0.052,-0.097,1.009,-5.066,4.456,8.606
-0.050,-0.085,0.997,-3.357,2.136,5.920
-0.073,-0.077,0.990,-0.061,-4.883,3.052
-0.084,-0.078,1.000,3.662,-12.268,-2.014
-0.068,-0.071,1.015,2.563,-10.010,-2.563
-0.058,-0.063,1.011,-1.099,-3.418,-1.099
-0.058,-0.068,1.004,-2.197,-1.282,-0.183
-0.058,-0.075,0.996,-2.991,1.404,0.977
-0.049,-0.072,0.975,-2.686,0.000,0.732
-0.043,-0.063,0.970,0.061,-6.714,-0.366
-0.043,-0.064,0.965,3.113,-9.827,-1.343
-0.057,-0.084,0.967,8.057,-11.292,-3.967
-0.054,-0.088,0.976,8.484,-8.301,-4.456
-0.054,-0.081,1.000,8.179,-2.075,-2.502
-0.056,-0.075,1.014,7.385,-2.014,-0.916
-0.061,-0.073,1.031,4.761,-4.028,1.648
-0.061,-0.080,1.028,3.479,-4.639,2.319
-0.059,-0.101,1.005,0.854,-4.150,2.747
-0.058,-0.105,0.991,-0.488,-0.061,2.869
-0.049,-0.094,0.966,-0.122,1.038,3.174
-0.046,-0.090,0.960,3.174,-1.038,4.272
-0.056,-0.075,0.969,4.578,-2.319,5.066
-0.066,-0.074,0.974,6.165,-0.366,7.263
-0.092,-0.069,1.008,7.141,1.892,7.324
-0.100,-0.086,1.058,8.911,2.319,1.343
-0.096,-0.128,1.072,6.165,-2.625,-1.587
-0.090,-0.106,1.001,-1.953,-3.845,-2.502
-0.066,-0.080,0.951,-1.221,-0.854,-2.319
-0.066,-0.090,0.987,3.845,-2.747,-2.136
-0.081,-0.116,1.023,3.906,-2.136,-2.380
-0.078,-0.116,1.016,-0.305,5.920,-2.319
-0.066,-0.104,0.997,-1.587,8.301,-2.258
-0.061,-0.097,0.999,-1.709,6.653,-2.502
-0.057,-0.087,0.999,-1.587,5.188,-2.563
-0.054,-0.078,0.995,-1.709,4.150,-2.441
-0.042,-0.082,0.994,-0.977,3.418,-2.502
-0.042,-0.092,1.002,0.427,-0.244,-1.770
-0.049,-0.097,1.005,0.183,-2.197,-0.061
-0.061,-0.098,1.009,-0.671,-1.831,0.977
-0.067,-0.093,1.006,-2.686,-0.488,2.258
-0.076,-0.091,0.998,-3.113,0.671,2.075
-0.075,-0.093,0.999,-3.479,3.418,0.366
-0.057,-0.091,0.998,-3.418,4.517,-0.305
-0.041,-0.086,0.997,-3.235,3.662,-0.305
-0.042,-0.089,0.996,-2.441,1.892,0.732
-0.050,-0.082,0.998,-2.075,1.160,1.343
-0.056,-0.086,1.000,-1.343,1.404,1.099

-0.090,-0.955,2.274,-24.902,50.903,-7.263
0.101,-1.033,2.859,-69.275,97.595,-21.362
0.246,-1.032,2.582,-180.237,48.950,-7.996
0.217,-1.082,2.317,-265.747,-36.377,-9.338
0.248,-0.972,2.026,-281.189,-53.955,-18.921
0.300,-0.767,1.878,-304.871,-83.740,-26.672
0.232,-0.724,1.709,-327.393,-106.812,-19.958
0.117,-0.574,1.111,-391.357,-138.916,-8.423
0.157,-0.470,0.746,-428.467,-140.503,-18.311
0.300,-0.213,0.006,-423.462,-146.484,-26.184
0.323,-0.110,-0.276,-369.568,-179.993,-48.340
0.291,0.118,-0.529,-334.717,-190.857,-58.167
0.248,0.253,-0.585,-283.691,-168.213,-65.491
0.137,0.477,-0.793,-270.813,-131.042,-64.880
0.115,0.571,-0.959,-253.967,-11.963,-54.932
0.111,0.796,-1.352,-240.173,42.419,-43.762
0.081,0.891,-1.528,-188.110,73.303,-19.287
-0.051,0.964,-1.762,-153.625,50.964,-9.338
-0.188,1.046,-1.799,-85.083,-27.649,5.981
-0.268,1.090,-1.757,-17.334,-50.720,16.113
-0.349,1.127,-1.550,17.761,-24.902,21.118
-0.332,1.122,-1.372,87.891,34.912,32.043
-0.241,1.085,-0.962,117.126,48.279,33.752
-0.181,1.041,-0.616,154.663,48.645,31.067
-0.175,1.002,-0.494,172.363,45.044,29.053
-0.193,0.875,-0.336,178.772,46.631,30.640
-0.212,0.802,-0.281,197.388,61.768,39.001
-0.232,0.662,-0.116,211.243,75.623,42.236
-0.208,0.590,0.038,234.009,100.525,39.124
-0.123,0.379,0.364,238.159,104.919,36.499
-0.131,0.213,0.469,239.563,100.159,36.316
-0.166,-0.109,0.637,241.943,106.812,32.227
-0.095,-0.203,0.773,259.216,133.423,7.629
0.140,-0.277,1.140,269.714,127.563,-5.005
0.192,-0.416,1.394,270.081,74.219,-14.038
0.196,-0.471,1.456,251.404,49.500,-4.883
0.184,-0.532,1.521,241.394,49.805,-0.061
0.154,-0.536,1.549,213.867,58.044,-0.122
0.164,-0.520,1.597,192.749,57.312,-5.127
0.158,-0.493,1.615,142.883,63.721,-23.437
0.310,-0.328,1.560,118.835,76.355,-27.161
0.385,-0.199,1.470,84.900,72.388,-16.968
0.318,-0.051,1.280,76.782,50.354,-7.324
0.210,-0.053,1.266,80.078,15.198,10.925
0.074,-0.072,1.459,90.271,18.616,14.221
0.070,-0.047,1.691,112.915,30.212,8.179
0.060,0.014,2.089,116.455,26.550,4.211
0.009,0.060,2.142,72.754,-10.437,-7.019
-0.052,0.122,1.624,22.644,-37.292,-15.625
-0.055,0.145,1.167,-45.227,-76.599,-28.320
-0.106,0.070,0.505,-37.415,-82.214,-33.447
-0.114,-0.024,0.412,12.146,-54.504,-38.879
0.019,-0.097,0.596,28.015,-24.353,-33.691
0.118,-0.096,0.775,40.649,27.527,-12.329
0.194,-0.086,1.126,42.358,32.288,-1.587
0.143,-0.082,1.247,39.307,13.184,9.888
0.022,-0.086,1.355,33.508,3.052,8.911
-0.003,-0.072,1.336,12.390,-9.766,1.343
-0.018,-0.003,1.126,0.977,-13.794,-0.977
-0.017,0.031,0.989,-5.310,-18.555,-2.747
-0.036,0.034,0.852,-0.061,-19.897,-3.418
-0.046,0.012,0.869,11.841,-10.681,-3.845
-0.018,-0.009,0.988,13.794,-1.160,-2.808
0.007,-0.015,1.048,12.451,10.010,-0.244
0.032,-0.035,1.114,9.949,8.301,0.488
0.032,-0.047,1.113,2.380,0.061,0.244
0.023,-0.050,1.053,-1.160,-2.014,0.183
0.005,-0.058,0.969,-2.563,-1.770,0.366
0.002,-0.063,0.953,0.610,-1.526,0.854
-0.021,-0.058,0.976,1.709,-2.014,1.770
-0.034,-0.054,0.997,1.160,0.793,2.808
-0.032,-0.033,1.029,-0.427,2.563,2.869
-0.020,-0.026,1.019,-1.343,-0.732,1.587
-0.015,-0.037,1.012,-0.427,-6.470,-0.427
-0.004,-0.045,0.993,-0.916,-7.019,-0.305
-0.005,-0.045,0.971,0.854,-4.700,-0.488
-0.007,-0.049,0.969,2.808,-4.272,-0.427
-0.009,-0.051,1.005,3.113,-2.686,1.587
-0.001,-0.050,1.016,2.747,-0.488,2.014
-0.018,-0.048,1.037,3.540,-4.639,1.953
-0.037,-0.050,1.040,2.869,-7.385,2.197
-0.036,-0.046,1.028,-0.244,-5.371,1.282
-0.037,-0.047,1.023,-1.160,-6.714,0.610
-0.048,-0.055,1.001,-4.761,-8.850,1.038
-0.033,-0.056,0.979,-5.615,2.686,0.610
-0.008,-0.045,0.980,-3.357,2.991,0.183
-0.016,-0.039,1.000,-0.244,-4.822,0.244
-0.021,-0.038,1.020,-0.732,-5.737,0.244
-0.015,-0.033,1.012,-2.502,-2.747,1.099
-0.012,-0.030,0.990,-2.319,-2.808,1.831
-0.019,-0.036,0.988,-0.183,-4.272,2.319
-0.041,-0.043,1.002,0.000,-3.540,2.502
-0.045,-0.050,1.013,-0.793,-0.427,2.625
-0.046,-0.053,1.031,-1.709,0.122,2.441
-0.044,-0.045,1.027,-4.028,0.244,1.770
-0.028,-0.037,0.995,-3.662,-0.854,1.160
-0.030,-0.033,0.983,-1.038,-6.409,0.366
-0.038,-0.037,0.984,-0.183,-5.920,0.000
-0.033,-0.040,0.998,0.671,-0.671,-0.488
-0.038,-0.039,1.003,0.183,-1.038,0.305
-0.049,-0.040,0.994,-0.183,-0.305,0.671
-0.051,-0.043,0.988,1.038,-0.061,0.488
-0.068,-0.048,1.003,2.319,-1.831,-0.122
-0.079,-0.049,1.026,3.174,-4.211,-2.380
-0.079,-0.047,1.032,2.197,-4.272,-3.540
-0.077,-0.049,1.020,-0.916,-1.465,-4.761
-0.069,-0.048,1.009,-2.380,1.282,-5.005
-0.049,-0.044,0.996,-3.052,5.554,-5.981
-0.040,-0.042,0.998,-2.380,6.653,-6.958
-0.005,-0.040,0.990,-1.709,7.141,-7.446
0.017,-0.037,0.986,0.671,3.418,-7.629
0.042,-0.029,0.997,1.892,-0.366,-6.958
0.043,-0.022,1.007,2.258,-5.737,-3.662
0.019,-0.015,1.006,1.526,-6.348,-1.282
0.000,-0.020,0.999,0.610,-3.296,2.380
-0.034,-0.032,0.988,1.343,-2.686,3.052
-0.051,-0.043,0.993,4.211,-4.578,2.258
-0.074,-0.052,1.012,4.272,-4.211,1.648
-0.078,-0.054,1.015,2.563,-1.587,-0.061

-0.085,-1.065,2.314,-34.668,14.099,-24.414
0.026,-1.171,2.726,-64.209,60.242,-48.889
0.366,-1.135,3.047,-164.734,13.977,-21.179
0.343,-1.258,2.649,-217.041,-37.476,-4.822
0.262,-1.285,2.417,-278.137,-69.946,-0.916
0.231,-1.005,1.976,-305.908,-61.340,-5.432
0.267,-0.870,1.682,-376.221,-83.740,-1.770
0.256,-0.686,0.958,-411.072,-111.938,7.202
0.233,-0.553,0.584,-451.660,-154.236,18.372
0.214,-0.232,-0.092,-445.923,-171.204,11.353
0.205,-0.122,-0.346,-391.846,-199.951,-24.048
0.190,0.035,-0.589,-357.788,-201.904,-42.053
0.140,0.266,-0.753,-309.509,-164.551,-60.242
0.084,0.450,-0.919,-301.575,-133.972,-61.707
-0.039,0.703,-1.398,-293.030,-46.326,-63.232
-0.095,0.770,-1.685,-280.457,3.052,-62.439
-0.127,0.913,-2.148,-240.234,48.645,-59.753
-0.106,0.983,-2.279,-171.936,2.502,-50.110
-0.133,1.147,-2.341,-119.690,-28.748,-37.048
-0.183,1.155,-2.222,14.587,-32.776,-1.160
-0.238,1.060,-1.616,77.576,-4.700,17.456
-0.201,1.006,-1.263,156.982,59.387,36.865
-0.107,0.948,-0.752,175.354,72.632,38.086
-0.107,0.945,-0.599,192.078,59.204,32.776
-0.162,0.870,-0.412,197.754,47.363,28.625
-0.184,0.792,-0.349,212.891,41.443,29.419
-0.234,0.640,-0.192,227.112,51.453,34.851
-0.236,0.580,-0.064,264.893,97.656,44.861
-0.166,0.459,0.251,279.602,119.812,46.082
-0.138,0.371,0.386,288.635,135.132,39.795
-0.128,0.111,0.642,287.964,136.658,32.593
-0.079,-0.012,0.840,292.480,155.029,14.404
0.114,-0.159,1.270,291.321,157.837,5.798
0.170,-0.218,1.414,259.399,104.248,-8.301
0.147,-0.279,1.421,232.910,56.946,-11.169
0.122,-0.288,1.343,191.406,-14.709,-10.864
0.049,-0.299,1.214,182.434,-25.208,-8.850
0.024,-0.345,1.187,175.537,-3.235,-7.324
0.049,-0.494,1.249,174.561,15.442,-9.583
0.085,-0.522,1.332,172.424,39.124,-16.479
0.130,-0.453,1.494,164.490,45.349,-21.423
0.150,-0.378,1.499,127.625,35.645,-24.536
0.155,-0.320,1.398,109.009,20.935,-23.926
0.163,-0.305,1.406,99.121,5.981,-20.996
0.205,-0.255,1.836,107.117,4.944,-17.151
0.212,-0.259,2.299,112.793,-5.493,0.610
0.081,0.069,2.566,89.050,-0.183,7.690
0.011,0.138,2.003,-15.076,-15.808,-11.658
-0.017,0.060,0.745,-57.190,-39.001,-22.461
-0.021,0.122,0.380,-40.283,-65.002,-24.841
-0.122,0.107,0.242,0.671,-61.584,-23.865
-0.164,0.002,0.705,52.002,-27.588,-8.179
-0.156,-0.037,1.051,52.917,-8.789,3.357
-0.127,-0.066,1.484,36.133,18.860,15.320
-0.100,-0.068,1.503,13.367,11.780,6.531
-0.038,-0.040,1.313,-0.854,-3.723,-0.671
-0.001,0.003,1.128,-15.015,-22.095,-9.277
-0.014,0.020,0.813,-12.756,-25.940,-10.010
-0.041,0.013,0.791,-0.549,-24.536,-3.601
-0.072,0.015,0.938,3.723,-16.357,1.587
-0.093,-0.009,1.025,1.404,-0.610,9.766
-0.114,-0.029,1.108,-2.014,0.671,10.315
-0.118,-0.025,1.093,-6.775,-5.493,5.676
-0.107,-0.006,1.004,-7.568,-8.057,2.747
-0.097,0.012,0.960,-6.226,-9.888,0.122
-0.097,0.028,0.904,-3.784,-7.751,0.305
-0.100,0.021,0.909,2.930,0.366,1.953
-0.106,0.013,0.977,4.761,2.502,2.563
-0.112,0.010,1.013,4.700,1.831,3.296
-0.122,0.007,1.024,3.845,-0.366,3.479
-0.125,0.000,1.002,3.662,-4.456,1.343
-0.113,-0.021,0.990,4.395,-4.456,-0.305
-0.102,-0.019,0.997,4.028,-0.732,-0.488
-0.097,-0.020,1.005,3.540,0.183,0.732
-0.105,-0.027,1.013,2.563,-1.099,2.014
-0.110,-0.013,1.025,1.465,-2.136,2.380
-0.111,-0.002,1.019,-0.305,-3.723,2.625
-0.110,-0.002,0.994,-0.793,-2.930,2.319
-0.101,-0.001,0.989,-0.061,-0.427,1.770
-0.092,-0.004,0.990,1.038,-1.465,2.075
-0.096,-0.007,0.994,1.892,-4.333,3.357
-0.110,-0.011,1.008,1.770,-5.005,3.967
-0.122,-0.009,1.012,2.197,-6.653,3.723
-0.143,-0.011,1.002,2.197,-6.836,2.625
-0.141,-0.011,0.981,1.160,-2.991,0.610
-0.140,-0.015,0.987,1.587,-3.296,-0.549
-0.130,-0.015,1.012,1.221,-3.601,-0.916
-0.118,-0.014,1.012,0.122,-3.357,-1.465
-0.096,-0.014,1.001,0.000,-3.906,-1.404
-0.094,-0.013,0.992,-0.488,-1.526,-0.427
-0.095,-0.006,0.989,-0.793,1.587,0.000
-0.096,-0.001,0.998,-0.488,1.709,1.648
-0.128,-0.006,1.019,-0.610,0.000,2.441
-0.137,-0.006,1.021,-1.953,0.549,2.930
-0.143,-0.010,0.994,-2.136,0.061,2.686
-0.146,-0.015,0.978,-0.427,-2.014,0.122
-0.130,-0.005,0.978,0.549,-2.319,-1.343
-0.125,-0.005,0.987,0.793,1.343,-1.831
-0.112,-0.009,1.009,-0.122,4.150,-0.977
-0.109,-0.005,1.011,-1.404,3.601,0.671
-0.109,-0.005,0.991,-1.526,2.258,0.549
-0.106,-0.007,0.980,-0.610,2.197,-0.122
-0.107,0.002,0.977,0.366,1.892,-0.305
-0.112,0.002,0.985,2.014,-0.244,-0.244
-0.123,-0.012,1.009,1.953,-0.916,0.244
-0.129,-0.018,1.010,0.244,-0.305,0.793
-0.121,-0.019,0.997,-0.244,0.488,0.122
-0.113,-0.013,0.995,-0.244,1.587,-0.488
-0.112,-0.003,1.000,-0.122,2.075,-0.305
-0.111,-0.001,1.008,0.427,0.793,-0.427
-0.111,-0.005,1.011,0.610,-1.099,-0.427
-0.112,-0.016,0.989,-0.122,-0.732,-0.244
-0.108,-0.011,0.980,-0.671,1.587,0.000
-0.108,-0.006,0.994,0.427,2.502,0.305
-0.117,-0.005,1.006,1.038,0.610,0.610
-0.125,-0.007,1.006,0.366,-0.183,0.793
-0.119,-0.012,1.000,-0.122,1.709,0.061
-0.108,-0.017,0.998,0.122,1.160,-0.305
-0.102,-0.014,1.000,-0.122,0.305,-0.305

-0.033,-0.914,2.540,-62.927,100.952,-27.100
0.253,-0.981,2.782,-138.855,61.218,-32.410
0.282,-1.033,2.672,-191.345,17.151,-24.231
0.305,-1.097,2.351,-276.917,-47.729,-14.771
0.318,-1.102,2.249,-321.106,-76.782,-12.207
0.278,-1.006,2.064,-340.820,-88.745,-5.310
0.219,-0.903,1.907,-400.024,-113.525,2.991
0.191,-0.708,1.265,-437.012,-117.981,2.319
0.275,-0.495,0.437,-489.685,-141.113,-1.587
0.309,-0.401,0.014,-492.676,-171.936,-5.798
0.316,-0.240,-0.645,-455.749,-233.459,-33.630
0.278,-0.132,-0.863,-404.297,-219.788,-69.580
0.201,0.199,-1.270,-387.573,-170.532,-82.764
0.236,0.355,-1.556,-365.173,-33.325,-94.971
0.297,0.527,-2.283,-344.727,21.973,-91.797
0.291,0.567,-2.652,-282.410,76.416,-64.392
0.221,0.692,-3.220,-233.459,70.190,-38.818
0.135,0.764,-3.283,-85.510,0.183,18.005
-0.199,0.790,-2.687,9.399,-20.874,39.734
-0.313,0.696,-2.154,171.020,13.367,50.293
-0.279,0.585,-1.196,208.557,46.753,40.466
-0.169,0.649,-0.869,224.243,93.872,10.803
0.031,0.808,-0.480,219.604,98.755,0.183
0.064,0.831,-0.392,207.214,83.923,4.944
0.024,0.802,-0.313,208.374,77.759,16.724
-0.019,0.774,-0.230,234.131,81.787,41.504
-0.091,0.700,0.133,251.038,88.196,47.607
-0.088,0.622,0.329,256.958,98.938,43.884
-0.147,0.382,0.489,246.704,93.567,38.879
-0.208,0.251,0.478,241.394,78.308,16.418
-0.183,0.129,0.598,254.150,81.726,0.000
-0.100,0.096,0.759,288.086,103.943,-21.851
0.069,-0.065,1.118,298.889,116.455,-25.635
0.118,-0.150,1.229,294.861,120.178,-31.860
0.242,-0.237,1.328,281.982,109.741,-37.964
0.289,-0.262,1.341,250.671,67.749,-44.189
0.257,-0.279,1.324,235.657,45.410,-39.795
0.187,-0.309,1.301,213.684,17.212,-26.306
0.090,-0.377,1.300,205.505,9.583,-24.780
0.089,-0.388,1.293,186.584,5.554,-35.950
0.171,-0.304,1.305,171.509,6.287,-37.170
0.191,-0.234,1.277,148.560,14.038,-24.353
0.225,-0.149,1.436,150.696,6.531,-12.146
0.198,-0.190,1.676,196.594,-12.756,11.658
0.073,-0.302,2.612,221.191,-9.155,15.442
0.056,-0.171,3.036,150.696,-14.526,11.169
-0.076,0.084,2.240,47.424,-33.569,2.014
-0.134,0.080,1.372,-91.370,-79.956,-26.367
-0.128,0.076,0.249,-80.200,-93.750,-35.767
-0.123,0.088,0.116,4.517,-85.754,-36.560
-0.053,0.025,0.368,36.865,-54.138,-26.245
0.026,-0.022,0.656,50.781,4.089,7.568
0.059,-0.017,1.243,43.030,4.211,24.048
-0.038,-0.052,1.422,40.161,-11.841,35.339
-0.174,-0.108,1.549,35.767,-12.207,28.320
-0.173,-0.092,1.449,3.723,-8.240,3.052
-0.127,-0.020,1.031,-10.132,-10.986,-5.554
-0.106,0.001,0.855,-10.193,-16.479,-10.437
-0.092,-0.004,0.774,-5.066,-12.939,-7.812
-0.087,-0.012,0.839,0.610,8.301,0.366
-0.040,-0.024,1.039,0.793,16.663,3.174
-0.034,-0.027,1.114,0.061,10.010,6.165
-0.074,-0.027,1.129,-1.953,1.953,5.615
-0.086,-0.011,1.068,-7.568,-2.686,1.648
-0.078,0.015,0.943,-7.202,-1.892,0.488
-0.082,0.015,0.925,-1.343,-3.113,1.648
-0.093,-0.009,0.961,1.526,-3.113,3.052
-0.091,-0.026,0.992,3.662,0.366,5.249
-0.085,-0.040,1.044,3.113,0.854,5.676
-0.086,-0.039,1.052,0.549,-2.930,4.150
-0.095,-0.021,1.028,-0.916,-5.371,2.502
-0.093,-0.011,1.002,-4.150,-5.371,0.610
-0.077,0.013,0.954,-4.578,-2.991,1.892
-0.078,0.010,0.939,0.977,-2.869,4.028
-0.090,-0.019,0.967,5.127,-6.104,3.906
-0.094,-0.021,0.997,7.996,-11.841,4.333
-0.102,-0.031,1.028,6.592,-10.803,5.005
-0.101,-0.038,1.031,2.808,-4.700,5.859
-0.118,-0.033,1.021,0.244,-3.906,5.615
-0.127,-0.029,1.009,-3.418,-0.916,2.380
-0.108,-0.017,0.990,-3.540,0.183,0.732
-0.103,-0.014,0.979,-1.831,-5.371,0.122
-0.108,-0.013,0.975,-1.038,-6.653,0.427
-0.101,-0.014,0.991,1.404,-5.371,1.343
-0.112,-0.020,0.995,2.563,-7.141,1.587
-0.106,-0.018,0.999,2.014,-4.395,0.610
-0.088,-0.009,1.003,1.770,-1.587,0.854
-0.125,-0.020,1.008,2.747,-7.812,2.869
-0.149,-0.034,1.007,-0.305,-6.714,0.549
-0.102,-0.029,1.002,-3.235,1.404,0.244
-0.075,-0.021,1.003,-4.822,5.493,3.967
-0.086,-0.015,1.010,-3.601,-0.549,5.249
-0.108,-0.020,1.004,-1.587,-9.705,3.723
-0.111,-0.020,0.988,-1.526,-8.301,2.380
-0.099,-0.019,0.987,-0.366,-6.592,2.441
-0.115,-0.011,0.996,0.122,-9.644,3.357
-0.139,-0.001,0.986,-1.587,-9.338,2.686
-0.144,-0.004,0.950,-1.892,-3.174,1.404
-0.126,-0.014,0.954,1.099,2.014,1.221
-0.114,-0.031,1.012,2.869,-1.099,2.502
-0.126,-0.029,1.033,2.258,-7.080,4.456
-0.140,-0.029,1.020,-0.549,-5.188,4.211
-0.118,-0.026,1.007,-4.456,1.526,4.395
-0.089,-0.016,1.010,-4.150,-1.221,5.676
-0.099,-0.017,1.022,-3.235,-13.245,8.057
-0.149,-0.007,0.994,-3.906,-15.625,7.385
-0.164,-0.012,0.946,-5.371,-1.343,2.258
-0.137,0.000,0.882,-3.662,8.911,1.038
-0.133,-0.003,0.901,5.676,10.742,1.709
-0.156,-0.036,1.013,9.277,6.653,1.709
-0.154,-0.040,1.062,7.996,1.099,0.854
-0.130,-0.033,1.082,4.333,-1.648,0.671
-0.120,-0.030,1.059,-2.380,-5.188,0.244
-0.108,-0.010,0.989,-4.028,-5.249,0.122
-0.116,0.002,0.929,-3.357,-2.014,0.854
-0.124,-0.005,0.922,1.892,2.991,0.793
-0.142,-0.021,0.964,4.395,3.601,0.671
-0.150,-0.030,0.998,5.615,4.822,-0.122
-0.138,-0.035,1.035,4.089,6.042,-0.549

-0.284,-0.802,2.294,-58.777,26.733,-3.845
-0.124,-0.936,2.790,-118.347,70.007,-19.165
0.007,-0.919,2.815,-167.114,67.749,-19.226
0.084,-0.966,2.428,-277.710,-17.456,-3.601
0.073,-0.965,2.197,-334.473,-104.919,-7.874
0.059,-0.830,1.883,-344.849,-128.479,-17.883
0.038,-0.786,1.742,-377.380,-137.512,-33.325
0.039,-0.723,1.366,-403.320,-125.061,-34.241
0.077,-0.660,1.096,-452.148,-95.886,-24.414
0.216,-0.406,0.422,-469.604,-92.163,-20.813
0.296,-0.240,0.088,-459.167,-122.253,-26.428
0.436,0.024,-0.469,-430.298,-157.104,-36.072
0.439,0.105,-0.668,-359.985,-220.520,-59.143
0.331,0.236,-1.057,-341.980,-214.661,-68.176
0.293,0.332,-1.346,-340.698,-102.112,-75.317
0.298,0.582,-2.120,-331.055,-26.489,-73.547
0.266,0.735,-2.787,-248.718,64.270,-54.871
0.208,0.760,-2.966,-186.401,67.200,-35.461
0.004,0.771,-2.887,-50.110,26.794,9.766
-0.161,0.753,-2.582,87.463,0.366,41.382
-0.346,0.654,-1.764,143.433,15.259,46.021
-0.319,0.622,-1.400,207.153,74.219,34.790
-0.154,0.625,-0.854,222.351,96.619,24.719
-0.064,0.650,-0.645,243.347,114.929,10.132
0.061,0.639,-0.312,252.869,112.793,10.376
0.079,0.619,-0.148,271.729,100.037,26.001
0.091,0.595,0.245,280.945,93.201,35.339
0.078,0.547,0.430,285.278,75.989,45.532
-0.009,0.344,0.649,275.940,69.458,46.814
-0.062,0.253,0.687,257.935,73.669,44.250
-0.090,0.112,0.773,259.583,81.116,39.185
-0.069,0.064,0.871,281.433,88.684,22.705
0.020,0.055,1.150,292.480,87.585,16.174
0.082,0.075,1.325,293.457,61.523,12.268
0.059,-0.036,1.518,278.137,34.424,17.212
-0.027,-0.174,1.516,255.005,10.742,25.146
-0.175,-0.359,1.463,213.806,3.479,33.386
-0.184,-0.361,1.450,198.853,14.038,27.649
-0.122,-0.264,1.422,171.997,23.743,5.188
-0.083,-0.205,1.395,155.518,18.677,-2.319
-0.047,-0.167,1.312,122.375,11.169,-6.470
-0.028,-0.172,1.286,107.971,20.386,-5.615
0.021,-0.119,1.277,86.975,56.335,2.991
0.030,-0.084,1.320,84.961,68.970,7.996
0.011,-0.011,1.520,93.689,45.776,16.724
-0.077,0.021,1.593,96.741,13.611,19.958
-0.347,0.071,1.652,91.797,-41.504,20.142
-0.426,0.102,1.687,90.332,-45.288,16.174
-0.356,0.132,1.457,58.716,-21.484,0.061
-0.304,0.083,1.180,21.179,-19.714,-7.629
-0.273,0.024,0.911,-16.602,-23.010,-13.000
-0.205,-0.023,0.652,-7.812,-18.066,-14.404
-0.159,-0.025,0.678,24.780,-7.568,-15.869
-0.112,-0.022,0.917,34.485,-3.052,-12.878
-0.111,-0.020,1.145,35.095,9.583,-2.563
-0.119,-0.015,1.207,30.579,13.428,0.916
-0.128,-0.014,1.229,19.226,11.169,-1.038
-0.119,-0.004,1.167,12.085,6.836,-4.761
-0.104,0.018,1.086,1.587,-2.319,-9.277
-0.107,0.044,0.929,2.136,-5.188,-9.644
-0.115,0.039,0.900,9.460,-1.892,-9.460
-0.105,0.035,0.929,11.841,2.502,-8.179
-0.098,0.011,1.005,14.343,7.080,-3.967
-0.097,0.003,1.038,14.282,2.991,-0.488
-0.091,-0.010,1.064,13.245,-1.038,0.549
-0.093,-0.020,1.059,9.094,-6.775,1.160
-0.118,-0.028,1.021,6.592,-4.700,0.854
-0.121,-0.027,0.999,5.127,0.366,0.183
-0.114,-0.018,0.990,5.981,4.517,-0.549
-0.119,-0.015,1.004,6.042,-1.404,0.977
-0.130,-0.010,1.018,4.700,-3.479,1.953
-0.133,-0.010,1.011,2.441,-5.737,3.174
-0.144,-0.019,0.983,2.258,-6.348,2.991
-0.149,-0.024,0.972,2.563,-5.737,1.953
-0.151,-0.024,0.962,2.930,-3.906,1.831
-0.149,-0.025,0.964,6.409,-2.930,0.671
-0.154,-0.031,0.991,8.484,-4.944,-0.366
-0.160,-0.030,1.002,8.057,-6.104,-1.648
-0.152,-0.038,1.002,6.775,-3.296,-2.258
-0.131,-0.040,0.997,4.761,0.854,-2.869
-0.131,-0.036,0.996,4.211,0.854,-2.686
-0.135,-0.026,0.998,3.845,0.610,-1.770
-0.136,-0.022,1.003,4.028,-1.282,-0.793
-0.143,-0.017,0.990,4.028,-2.869,-0.854
-0.140,-0.025,0.979,5.127,-3.906,-2.197
-0.122,-0.027,0.982,5.615,-4.761,-1.953
-0.126,-0.033,0.990,5.859,-5.554,-0.122
-0.130,-0.039,1.016,5.554,-5.371,0.610
-0.142,-0.036,1.017,3.357,-6.104,1.465
-0.157,-0.052,0.993,2.014,-2.686,0.854
-0.143,-0.048,0.993,0.488,1.953,0.916
-0.155,-0.038,0.989,0.793,-1.587,1.587
-0.172,-0.045,0.985,2.075,-5.371,-0.305
-0.155,-0.040,0.996,1.038,-2.686,-0.061
-0.138,-0.038,1.007,0.610,-4.028,1.587
-0.151,-0.047,1.002,0.366,-5.737,1.404
-0.139,-0.054,0.990,-0.244,-2.441,0.488
-0.125,-0.043,0.995,-1.465,-0.427,2.625
-0.152,-0.022,1.006,-2.075,-3.113,4.517
-0.178,-0.029,0.993,-2.319,-2.991,3.540
-0.181,-0.049,0.965,-1.709,-0.122,1.038
-0.167,-0.042,0.966,-0.244,0.610,-0.793
-0.167,-0.044,0.972,0.610,-0.122,-0.427
-0.167,-0.046,0.976,0.793,3.601,-0.549
-0.151,-0.040,0.987,1.038,4.700,-0.488
-0.152,-0.044,0.991,2.075,1.221,-0.549
-0.156,-0.046,0.999,1.892,-0.122,-0.732
-0.153,-0.043,1.002,0.305,0.305,0.122
-0.149,-0.036,0.995,-0.061,0.122,0.549
-0.146,-0.033,0.992,0.549,-0.610,0.061
-0.145,-0.032,0.992,0.610,-0.671,-0.244
-0.152,-0.037,0.982,0.244,-0.183,0.061
-0.155,-0.040,0.978,0.366,0.122,0.183
-0.159,-0.048,0.984,1.770,-0.610,0.000
-0.160,-0.053,0.995,2.197,-2.197,0.122
-0.159,-0.053,1.006,1.465,-1.465,0.122
-0.155,-0.048,1.001,-0.854,2.258,0.244
-0.144,-0.033,0.979,-1.160,3.540,0.183
-0.140,-0.022,0.976,-0.488,3.174,0.061

-0.136,-0.683,2.109,-61.768,46.936,13.184
0.074,-0.770,2.375,-95.215,58.655,13.550
0.135,-0.796,2.385,-145.630,-6.165,17.212
0.124,-0.891,2.315,-171.204,-50.537,11.353
0.110,-0.884,2.283,-217.224,-99.670,-12.390
0.133,-0.746,2.187,-243.469,-103.149,-19.592
0.135,-0.714,2.058,-312.195,-102.783,-13.306
0.080,-0.701,1.575,-348.022,-104.248,-6.653
0.071,-0.652,1.267,-402.405,-121.826,-3.052
0.047,-0.553,0.626,-415.527,-138.000,-6.653
0.007,-0.492,0.284,-422.852,-156.860,-24.414
-0.025,-0.317,-0.305,-407.471,-135.742,-56.396
0.037,-0.076,-0.741,-391.052,-121.460,-70.251
0.051,0.075,-0.949,-350.037,-102.661,-86.182
-0.014,0.321,-1.390,-330.811,-84.900,-90.088
-0.048,0.448,-1.624,-299.561,-15.137,-87.891
-0.090,0.731,-2.078,-279.114,20.386,-81.360
-0.115,0.816,-2.283,-216.675,41.199,-65.369
-0.142,0.917,-2.510,-174.866,29.175,-54.504
-0.140,0.978,-2.499,-59.204,-2.869,-23.254
-0.152,0.999,-2.079,13.611,-10.742,-7.080
-0.155,0.945,-1.712,139.221,1.282,14.954
-0.114,0.859,-1.051,172.180,16.052,20.325
-0.103,0.869,-0.823,195.007,32.043,24.780
-0.113,0.876,-0.540,198.486,32.471,22.217
-0.115,0.829,-0.448,208.496,39.429,16.602
-0.117,0.687,-0.294,219.543,46.326,20.691
-0.132,0.635,-0.201,252.380,57.129,38.513
-0.171,0.487,0.082,270.996,59.509,45.471
-0.197,0.393,0.257,295.105,54.321,44.922
-0.238,0.181,0.627,295.532,53.894,35.400
-0.223,0.087,0.780,284.851,80.627,9.399
-0.070,0.001,0.995,277.405,97.961,-0.305
0.012,-0.011,1.082,266.052,81.421,-6.165
0.025,-0.158,1.231,263.611,47.729,-4.700
0.016,-0.267,1.289,256.592,16.174,2.747
0.049,-0.342,1.410,251.038,28.320,7.324
0.019,-0.303,1.445,221.558,34.546,9.521
-0.091,-0.198,1.397,196.106,20.081,5.676
-0.117,-0.181,1.313,147.705,-4.761,0.366
-0.073,-0.188,1.136,131.592,-6.348,1.587
-0.031,-0.199,1.089,113.892,17.090,11.597
0.023,-0.199,1.171,114.319,32.288,19.104
0.081,-0.227,1.517,127.991,41.077,30.823
0.071,-0.245,1.752,149.414,41.382,46.875
-0.045,-0.237,2.360,160.461,33.691,54.749
-0.140,-0.184,2.571,137.695,-3.906,43.579
-0.264,0.028,2.197,75.256,-35.583,24.841
-0.285,0.119,1.645,-62.012,-99.609,-5.310
-0.371,0.146,0.608,-78.003,-105.286,-9.460
-0.432,0.104,0.325,-31.982,-58.472,-19.653
-0.357,-0.021,0.275,-2.014,-17.517,-26.489
-0.239,-0.032,0.414,38.147,35.217,-23.865
-0.103,-0.025,0.804,49.500,34.119,-17.761
-0.104,-0.042,1.017,64.392,24.353,-7.080
-0.107,-0.057,1.414,67.749,29.114,-3.174
-0.102,-0.048,1.527,45.471,28.992,-0.488
-0.147,-0.023,1.432,20.569,16.174,-1.526
-0.163,0.004,1.268,-15.320,-10.437,-4.822
-0.181,0.048,0.954,-18.372,-16.785,-6.409
-0.186,0.042,0.856,-8.728,-13.794,-9.888
-0.184,0.010,0.807,-2.075,-6.409,-10.071
-0.177,-0.008,0.932,7.751,11.536,-6.958
-0.170,-0.017,1.020,9.338,17.578,-5.676
-0.163,-0.022,1.090,6.042,16.479,-5.371
-0.143,-0.022,1.127,2.319,11.658,-6.348
-0.099,0.003,1.049,-5.005,4.639,-7.751
-0.086,0.020,0.995,-6.348,1.953,-7.263
-0.099,0.046,0.936,-4.150,-2.075,-4.089
-0.114,0.045,0.946,0.122,3.418,2.136
-0.140,0.025,1.017,1.160,6.409,4.822
-0.154,0.012,1.053,0.183,4.028,6.653
-0.192,-0.019,1.068,-2.258,1.770,5.554
-0.199,-0.021,1.040,-9.399,3.723,0.610
-0.179,-0.003,0.949,-10.193,6.287,-2.014
-0.160,-0.000,0.927,-6.104,7.568,-5.066
-0.130,0.009,0.953,-3.723,7.385,-4.761
-0.120,0.009,0.979,-1.343,6.897,-2.319
-0.113,0.006,1.009,-2.014,6.042,-1.221
-0.103,0.016,0.984,-3.357,6.104,-0.610
-0.101,0.024,0.975,-1.282,1.770,0.305
-0.125,0.033,0.975,-0.366,-0.061,1.038
-0.128,0.029,0.985,0.916,1.343,2.014
-0.131,0.018,1.009,1.160,0.305,2.808
-0.143,0.004,1.006,3.052,-3.601,1.465
-0.133,-0.012,1.011,4.028,-4.517,-0.305
-0.117,-0.006,1.024,2.136,-3.052,0.854
-0.084,-0.003,1.045,0.366,-0.244,2.869
-0.066,0.005,1.052,-1.770,-1.221,7.568
-0.089,0.036,1.028,-2.625,-6.042,10.010
-0.126,0.038,0.994,-2.991,-12.268,11.536
-0.178,0.031,0.935,-2.319,-11.414,10.864
-0.195,0.028,0.912,0.671,-5.859,9.094
-0.219,0.011,0.898,3.357,-2.808,6.958
-0.195,0.011,0.955,7.996,0.549,1.526
-0.182,0.010,0.992,10.010,-2.563,-0.244
-0.169,-0.020,1.031,9.155,-2.930,-1.160
-0.154,-0.020,1.035,4.517,-0.977,-2.686
-0.144,-0.004,1.004,2.991,-0.549,-2.441
-0.149,-0.009,0.983,3.723,0.916,-2.625
-0.144,-0.011,0.975,4.333,1.892,-2.563
-0.139,-0.009,0.983,5.981,2.991,-1.648
-0.135,-0.000,0.998,6.470,3.662,-1.038
-0.134,0.002,1.000,7.385,4.944,-0.183
-0.121,-0.005,1.005,7.935,4.822,-0.061
-0.108,-0.020,1.014,7.385,4.944,1.038
-0.106,-0.019,1.020,6.348,5.981,2.319
-0.115,-0.015,1.018,4.700,7.263,5.127
-0.128,-0.017,1.016,4.456,2.014,5.554
-0.154,-0.019,1.020,3.723,-0.793,5.493
-0.168,-0.013,1.011,0.610,-2.747,4.517
-0.191,-0.005,0.984,-0.366,-2.380,2.930
-0.195,-0.002,0.966,-0.488,1.648,-1.343
-0.170,-0.011,0.946,0.671,4.089,-3.235
-0.150,-0.015,0.955,3.723,5.554,-4.272
-0.135,-0.022,0.983,4.944,5.127,-4.089
-0.129,-0.022,0.993,5.554,5.493,-3.845
-0.118,-0.018,1.008,5.005,5.493,-3.357
-0.117,-0.021,1.013,2.991,3.967,-1.770

-0.275,-0.879,2.283,-53.162,50.415,0.610
0.024,-0.998,2.732,-153.076,94.299,-28.687
0.390,-0.883,2.603,-206.970,68.542,-20.264
0.420,-0.820,2.076,-301.636,-23.315,9.583
0.368,-0.798,1.857,-342.957,-86.304,17.578
0.274,-0.715,1.654,-351.013,-98.267,13.245
0.255,-0.694,1.567,-382.996,-108.582,10.132
0.182,-0.627,1.101,-411.377,-111.694,20.752
0.043,-0.339,0.417,-455.017,-124.451,43.945
0.008,-0.219,0.132,-432.556,-152.954,25.024
0.031,-0.062,-0.364,-400.940,-177.612,6.042
0.020,0.005,-0.571,-339.539,-236.389,-31.006
-0.036,0.200,-0.938,-317.383,-235.657,-45.471
-0.031,0.349,-1.144,-296.143,-159.302,-62.683
0.018,0.606,-1.645,-284.790,-106.995,-65.186
0.046,0.703,-1.921,-232.788,-28.992,-58.105
0.055,0.874,-2.479,-196.289,-12.207,-52.002
0.042,0.906,-2.721,-101.685,0.000,-35.767
0.020,0.995,-2.809,-42.175,1.831,-18.555
-0.051,1.024,-2.565,99.060,17.517,24.841
-0.200,0.853,-1.767,161.255,36.011,37.231
-0.214,0.784,-1.390,224.487,85.999,42.236
-0.139,0.794,-0.824,239.014,106.812,38.147
-0.062,0.749,-0.397,266.052,121.704,28.625
-0.052,0.696,-0.236,276.306,116.638,29.358
-0.071,0.630,-0.106,287.598,104.858,41.016
-0.152,0.472,0.089,291.565,107.483,46.143
-0.177,0.395,0.210,301.514,127.930,41.199
-0.121,0.249,0.597,306.824,136.414,28.564
-0.077,0.087,0.768,296.936,135.010,-1.953
0.005,-0.259,0.943,282.532,133.301,-10.010
0.098,-0.276,0.969,261.353,121.033,-15.259
0.120,-0.294,1.010,269.409,83.801,-24.170
0.158,-0.440,1.164,272.888,74.402,-27.588
0.190,-0.516,1.250,256.226,81.970,-34.363
0.303,-0.551,1.406,237.915,90.454,-38.391
0.356,-0.491,1.451,202.148,62.500,-35.950
0.258,-0.546,1.489,190.613,24.292,-33.997
0.219,-0.664,1.599,181.213,-3.235,-30.334
0.334,-0.688,2.108,188.843,23.193,-26.672
0.419,-0.561,2.526,219.055,55.481,-10.986
0.348,-0.235,3.081,211.304,29.358,-0.549
0.157,-0.125,2.841,47.729,-72.876,8.118
-0.108,0.044,1.505,-64.575,-105.041,5.432
-0.238,0.187,0.379,-135.620,-95.154,3.113
-0.329,0.173,0.135,-36.560,-55.481,-11.047
-0.302,0.003,0.284,9.155,-26.672,-20.447
-0.192,0.009,0.507,39.551,25.879,-20.386
-0.008,0.053,0.892,39.917,30.518,-15.564
0.017,0.015,1.275,54.199,7.202,-4.272
0.005,-0.008,1.454,61.707,0.977,0.549
0.006,-0.008,1.487,41.199,2.014,-1.038
-0.001,-0.013,1.316,-10.193,-13.855,-3.357
-0.039,0.002,0.965,-17.822,-25.452,-3.662
-0.057,0.018,0.845,-10.376,-32.349,-3.052
-0.076,0.009,0.851,0.610,-15.930,3.296
-0.113,-0.017,0.948,3.479,-4.272,5.859
-0.105,-0.028,1.013,4.639,13.672,5.981
-0.071,-0.022,1.097,3.418,13.062,5.188
-0.077,-0.018,1.095,-1.099,-0.061,1.831
-0.081,-0.003,1.038,-3.723,-3.540,-0.305
-0.066,0.016,1.004,-7.080,-5.432,-0.061
-0.088,0.016,0.944,-6.165,-7.629,1.343
-0.108,-0.006,0.939,-0.488,-1.404,1.038
-0.095,-0.009,0.990,0.732,6.287,0.427
-0.085,0.008,1.012,0.183,9.949,0.610
-0.087,0.016,1.044,0.366,6.470,0.183
-0.080,0.022,1.054,-2.258,-2.258,-0.122
-0.086,0.033,1.014,-4.883,-6.226,0.610
-0.096,0.023,0.978,-6.287,-4.028,0.061
-0.069,0.017,0.954,-5.249,-0.122,-0.427
-0.060,0.020,0.959,-2.258,0.244,2.136
-0.083,-0.010,0.969,0.305,0.122,2.380
-0.082,-0.010,0.987,3.418,0.977,0.366
-0.086,0.012,1.012,2.747,-0.183,0.793
-0.098,0.008,1.011,1.038,1.282,0.671
-0.089,0.018,1.013,0.000,3.113,-0.183
-0.087,0.015,1.006,-1.526,1.831,0.732
-0.089,0.008,1.010,-0.977,0.488,0.854
-0.086,0.010,1.016,-0.427,-0.854,0.000
-0.084,0.009,1.005,-0.549,-0.488,-0.305
-0.071,0.020,0.983,0.183,0.122,-1.648
-0.069,0.025,0.977,0.732,-0.610,-1.587
-0.077,0.016,0.982,2.258,-1.465,-0.122
-0.078,0.013,0.990,2.991,1.038,0.671
-0.082,0.001,1.002,3.235,1.343,0.427
-0.082,-0.003,1.010,2.930,0.305,0.122
-0.090,-0.004,1.027,2.380,-0.244,0.427
-0.097,-0.005,1.030,0.549,-0.793,0.061
-0.094,0.012,1.012,-0.366,-0.671,-0.610
-0.093,0.018,0.990,0.061,-1.953,-1.770
-0.082,0.014,0.972,1.587,-3.052,-2.441
-0.077,0.014,0.977,3.723,-3.296,-2.625
-0.071,0.003,0.994,4.028,-0.488,-2.136
-0.061,0.004,1.013,3.601,1.953,-0.488
-0.071,0.009,1.035,2.625,-0.854,0.854
-0.082,0.002,1.033,-0.122,-3.052,1.831
-0.082,0.013,1.014,-1.343,-2.502,1.953
-0.095,0.008,0.991,-0.122,-3.479,1.404
-0.100,-0.008,0.979,1.587,-2.625,-0.366
-0.079,0.012,0.999,2.319,-2.747,-1.343
-0.085,0.007,0.997,2.075,-3.601,-0.366
-0.083,0.003,0.996,1.709,-1.526,0.000
-0.077,0.005,1.001,1.526,-0.916,0.305
-0.080,0.002,1.003,2.258,-2.197,1.648
-0.099,-0.014,1.001,3.113,-1.221,1.099
-0.091,-0.002,1.014,3.113,1.343,-0.244
-0.089,0.004,1.018,2.441,0.427,0.183
-0.092,0.005,1.009,1.221,-2.869,1.160
-0.092,0.005,0.996,0.549,-3.479,0.854
-0.090,0.007,0.971,0.732,-2.441,0.671
-0.092,0.003,0.968,3.296,-0.549,0.122
-0.097,-0.009,0.986,4.944,-0.061,-0.366
-0.097,-0.013,1.002,6.592,0.671,-1.404
-0.090,-0.011,1.034,5.615,0.366,-1.160
-0.091,-0.008,1.040,1.160,-0.366,0.549
-0.089,-0.010,1.018,-0.488,0.366,0.916
-0.082,-0.012,1.002,-0.671,0.427,0.305
-0.079,-0.015,0.991,0.488,-0.671,-0.244

-0.246,-0.661,2.066,-62.317,20.691,-4.822
-0.034,-0.804,2.420,-108.276,64.392,-20.752
0.159,-0.810,2.507,-180.237,77.026,-13.306
0.396,-0.818,2.385,-223.267,44.189,-1.465
0.405,-0.819,2.235,-281.250,-54.932,13.794
0.288,-0.801,1.970,-291.382,-92.102,11.353
0.207,-0.764,1.871,-303.528,-114.441,1.648
0.102,-0.641,1.615,-319.214,-107.971,1.221
0.100,-0.564,1.415,-367.187,-99.792,6.714
0.137,-0.489,0.939,-390.625,-102.234,6.897
0.178,-0.445,0.709,-416.016,-112.122,-3.784
0.337,-0.255,0.350,-413.574,-124.634,-11.353
0.372,-0.187,0.216,-395.813,-164.978,-22.400
0.266,-0.092,-0.165,-389.893,-175.964,-25.574
0.139,0.077,-0.785,-394.836,-154.968,-38.513
0.133,0.136,-1.178,-401.428,-98.083,-62.866
0.139,0.229,-2.227,-393.921,-74.158,-72.632
0.139,0.313,-2.820,-334.961,-56.396,-93.079
0.248,0.542,-3.764,-273.987,-63.232,-93.628
0.244,0.733,-3.870,-101.562,-67.261,-36.682
0.048,0.903,-3.256,-3.967,-30.945,6.714
-0.046,0.790,-2.672,156.372,76.599,59.326
-0.090,0.540,-1.580,203.247,108.887,61.157
-0.067,0.527,-1.202,239.014,115.723,35.034
0.009,0.611,-0.756,241.455,103.821,17.883
0.029,0.647,-0.636,245.117,75.378,4.517
-0.051,0.584,-0.495,253.296,63.660,10.803
-0.124,0.508,-0.432,282.898,75.745,26.550
-0.170,0.358,-0.199,301.575,100.037,27.954
-0.159,0.291,-0.033,334.839,135.132,20.935
-0.127,0.171,0.396,347.656,135.986,12.085
-0.107,0.041,0.615,357.788,117.432,-15.137
-0.076,-0.259,0.934,352.417,108.154,-26.855
-0.047,-0.312,1.012,329.651,92.712,-40.222
0.071,-0.354,1.099,318.665,84.534,-43.640
0.150,-0.436,1.182,318.298,84.961,-40.405
0.269,-0.642,1.475,325.012,91.919,-34.302
0.320,-0.712,1.663,310.608,106.018,-35.034
0.447,-0.592,1.924,277.527,99.121,-41.443
0.471,-0.431,1.916,186.707,20.325,-41.016
0.332,-0.289,1.632,152.588,-34.607,-35.217
0.239,-0.284,1.488,118.469,-92.407,-23.132
0.116,-0.331,1.514,117.126,-82.886,-13.428
0.084,-0.357,1.717,137.878,0.366,5.493
0.163,-0.207,2.326,148.865,49.805,9.216
0.202,-0.047,2.569,124.023,70.740,8.972
0.109,0.210,2.354,67.261,24.109,7.141
0.024,0.273,1.853,-66.895,-99.609,-3.418
-0.108,0.267,0.823,-90.881,-130.188,-11.047
-0.123,0.233,0.523,-55.420,-106.018,-19.958
-0.061,0.136,0.344,-26.306,-70.313,-17.517
-0.011,0.080,0.397,15.625,-7.019,1.709
0.037,-0.001,0.680,28.870,8.362,12.756
0.021,-0.035,0.864,46.936,11.963,26.306
-0.066,-0.084,1.219,51.208,10.437,27.222
-0.100,-0.078,1.361,43.640,14.160,17.395
-0.095,-0.005,1.434,28.931,10.254,9.827
-0.092,0.033,1.331,-7.202,-19.836,-0.854
-0.094,0.082,1.021,-15.381,-33.936,-3.357
-0.093,0.084,0.904,-12.268,-39.185,-5.066
-0.078,0.051,0.803,-7.568,-28.137,-4.211
-0.043,0.028,0.867,3.357,2.747,0.000
-0.046,0.014,0.944,8.484,9.399,1.892
-0.074,0.006,1.080,11.963,7.385,4.700
-0.083,0.009,1.109,10.254,3.784,5.371
-0.090,0.027,1.088,3.967,-3.540,3.601
-0.084,0.046,1.049,-1.709,-5.615,0.732
-0.060,0.064,0.986,-2.014,-4.578,0.244
-0.045,0.074,0.981,-0.244,-2.075,2.319
-0.035,0.061,1.011,0.854,-1.709,4.761
-0.038,0.051,1.026,1.160,-2.686,9.827
-0.066,0.027,1.033,0.183,-3.601,11.047
-0.086,0.018,1.030,-3.540,-3.235,9.155
-0.099,0.011,1.004,-4.944,-3.052,6.836
-0.101,0.018,0.982,-5.005,-5.493,3.235
-0.115,0.032,0.944,-4.395,-4.639,2.869
-0.113,0.035,0.937,-2.075,4.517,3.845
-0.103,0.025,0.966,0.488,6.653,3.845
-0.096,0.018,1.003,3.967,4.639,2.686
-0.074,0.023,1.055,3.296,3.418,2.686
-0.075,0.026,1.056,-0.977,1.587,2.686
-0.080,0.040,1.030,-3.845,2.441,2.075
-0.072,0.047,1.013,-6.714,5.188,1.404
-0.072,0.057,0.990,-5.981,3.906,1.831
-0.083,0.054,0.983,-2.747,0.549,2.319
-0.089,0.051,0.987,-1.648,-0.061,1.709
-0.086,0.050,0.994,-0.671,0.305,0.793
-0.067,0.049,1.012,-0.916,0.671,0.671
-0.059,0.050,1.021,-2.197,-0.183,1.587
-0.066,0.040,1.014,-2.625,-0.977,1.892
-0.067,0.043,1.002,-4.089,-0.061,1.343
-0.069,0.047,0.984,-3.662,0.549,1.526
-0.083,0.040,0.981,-1.160,0.732,1.831
-0.104,0.026,0.988,-0.366,2.075,1.343
-0.102,0.031,0.996,-0.977,5.188,-0.427
-0.078,0.053,1.007,-1.587,5.188,-0.977
-0.068,0.062,1.006,-1.587,0.916,-0.977
-0.067,0.058,0.986,-0.854,-1.404,-1.160
-0.070,0.056,0.975,0.610,-1.648,-1.526
-0.066,0.048,0.970,1.404,0.488,-1.709
-0.062,0.048,0.985,3.540,2.808,-1.343
-0.083,0.039,1.014,3.967,3.052,-1.282
-0.077,0.039,1.027,1.831,5.737,-2.380
-0.050,0.059,1.033,0.671,3.723,-1.831
-0.056,0.054,1.016,0.610,-3.906,-0.427
-0.063,0.041,0.991,1.038,-5.188,-0.610
-0.083,0.035,0.989,1.343,-5.615,0.122
-0.097,0.027,0.978,0.183,-2.441,0.305
-0.068,0.038,0.984,-1.587,8.789,-1.160
-0.066,0.046,1.001,-0.305,7.874,-1.099
-0.080,0.039,1.029,2.319,0.305,-1.648
-0.068,0.039,1.036,1.099,-2.441,-3.052
-0.064,0.051,1.023,0.000,-4.578,-2.502
-0.081,0.053,0.997,-1.831,-3.540,-1.831
-0.088,0.063,0.951,-1.831,1.038,-2.075
-0.086,0.063,0.948,2.014,5.798,-2.197
-0.102,0.039,0.986,4.639,5.249,-2.869
-0.099,0.033,1.011,5.615,5.798,-5.188
-0.079,0.036,1.034,4.333,6.226,-5.859

-0.210,-0.764,2.009,-20.874,78.247,-10.620
0.043,-0.863,2.493,-53.284,130.188,-23.804
0.210,-0.910,2.663,-118.958,93.811,-14.160
0.337,-0.952,2.670,-161.865,46.692,-3.296
0.353,-0.908,2.499,-239.563,-21.057,5.066
0.406,-0.704,2.035,-273.132,-33.264,7.385
0.403,-0.608,1.788,-336.548,-46.631,30.823
0.306,-0.554,1.293,-364.990,-49.622,46.753
0.265,-0.523,1.054,-404.724,-52.185,66.833
0.284,-0.362,0.616,-411.316,-66.833,70.435
0.286,-0.307,0.423,-403.442,-137.390,68.665
0.182,-0.264,0.059,-392.395,-173.523,59.448
0.129,-0.214,-0.082,-364.502,-202.087,25.391
0.081,-0.008,-0.331,-351.807,-193.970,10.559
0.044,0.101,-0.488,-334.228,-148.621,-11.230
-0.082,0.275,-0.858,-328.552,-114.014,-21.912
-0.111,0.374,-1.087,-322.388,-41.992,-44.495
-0.109,0.576,-1.723,-320.068,-35.095,-57.434
-0.106,0.622,-2.093,-304.260,-62.195,-89.355
-0.011,0.741,-2.778,-276.367,-65.186,-98.389
0.047,0.857,-2.972,-147.827,-41.870,-75.134
0.119,1.047,-2.667,-55.054,-19.348,-43.762
0.092,0.998,-2.186,123.413,27.466,22.278
-0.010,0.739,-1.222,174.499,50.354,34.790
-0.015,0.712,-0.920,192.566,77.698,17.395
0.107,0.853,-0.618,186.157,70.740,1.343
0.158,0.905,-0.576,190.979,16.113,-8.118
0.075,0.838,-0.516,208.069,-10.803,2.258
-0.022,0.773,-0.441,251.770,-7.629,30.823
-0.145,0.664,-0.187,269.531,20.691,40.527
-0.157,0.615,-0.040,287.231,84.167,44.495
-0.123,0.527,0.300,288.452,103.088,38.513
-0.081,0.479,0.510,287.842,91.309,16.357
-0.062,0.314,0.804,282.349,60.913,7.446
-0.116,0.207,0.804,266.724,10.620,-1.099
-0.167,0.050,0.724,263.245,14.343,-4.822
-0.118,0.020,0.712,265.137,64.148,-3.967
0.025,-0.067,0.793,273.193,87.341,1.038
0.128,-0.319,1.056,308.655,114.380,9.216
0.150,-0.460,1.261,325.012,111.450,-1.099
0.233,-0.393,1.639,305.725,95.581,-8.362
0.255,-0.289,1.673,235.962,25.391,-17.212
0.157,-0.227,1.407,200.439,-12.634,-15.259
0.081,-0.256,1.210,161.255,-40.527,-8.118
0.044,-0.335,0.997,157.349,-27.527,-5.981
0.057,-0.364,1.005,156.982,13.245,1.343
0.135,-0.409,1.346,160.400,25.757,7.996
0.155,-0.440,1.618,180.054,35.339,22.156
0.083,-0.536,2.378,195.496,39.124,26.428
0.011,-0.477,2.800,188.477,27.771,20.691
-0.105,-0.181,2.667,116.272,-12.695,3.479
-0.218,-0.079,0.950,-99.060,-99.487,-28.931
-0.182,0.006,0.426,-99.243,-83.374,-50.110
-0.005,0.075,0.217,-44.312,-54.687,-51.453
0.113,0.022,0.537,30.884,4.883,-20.691
0.129,-0.068,0.744,50.110,19.836,13.245
0.085,-0.138,1.709,55.725,5.554,16.052
0.007,-0.344,2.027,38.086,-45.593,-0.183
-0.165,-0.198,0.949,-10.620,-30.334,1.465
-0.065,0.078,0.631,-46.631,32.166,-1.404
0.018,0.107,0.741,-16.846,18.738,1.953
-0.085,0.007,0.947,27.954,-17.761,6.470
-0.142,-0.141,1.256,23.743,-15.076,1.648
-0.106,-0.135,1.130,-5.981,0.610,-3.113
-0.022,-0.043,0.896,-10.620,3.662,-2.869
-0.040,-0.069,0.992,1.465,-5.493,1.648
-0.063,-0.085,1.035,5.188,-10.254,2.686
-0.075,-0.081,1.027,3.357,-9.766,0.671
-0.063,-0.075,1.021,1.343,-7.507,-2.747
-0.036,-0.070,1.020,0.000,-5.127,-2.502
-0.023,-0.063,0.998,-4.089,-1.892,0.122
-0.030,-0.057,0.987,-4.028,-3.296,0.977
-0.050,-0.046,0.982,-1.160,-5.859,1.099
-0.056,-0.046,0.984,-0.305,-6.348,1.404
-0.086,-0.074,0.992,2.197,-7.080,2.625
-0.093,-0.082,1.007,2.258,-5.493,2.502
-0.092,-0.075,1.031,0.183,-4.211,2.258
-0.103,-0.078,1.030,-0.916,-6.531,1.953
-0.081,-0.069,1.023,-5.676,-3.662,0.183
-0.058,-0.045,1.003,-8.179,0.122,1.343
-0.081,-0.036,0.938,-5.554,-3.601,1.587
-0.094,-0.051,0.941,2.075,-6.775,-1.160
-0.070,-0.072,1.019,3.845,-6.836,-1.709
-0.075,-0.065,1.037,1.526,-11.169,-0.427
-0.096,-0.066,0.979,-0.183,-9.094,-1.587
-0.074,-0.066,0.955,0.122,1.770,-2.747
-0.045,-0.069,0.993,1.465,1.709,-0.488
-0.053,-0.074,1.035,1.282,-4.700,5.127
-0.079,-0.060,1.079,-1.404,-8.179,7.080
-0.104,-0.058,1.062,-8.118,-13.062,6.592
-0.112,-0.056,0.996,-10.620,-11.047,4.517
-0.086,-0.023,0.934,-10.315,-4.150,2.502
-0.093,-0.029,0.913,-6.165,-3.235,2.258
-0.103,-0.050,0.946,3.052,-1.282,0.671
-0.096,-0.051,0.983,5.127,2.441,0.977
-0.100,-0.071,1.020,5.127,1.770,1.709
-0.113,-0.085,1.024,3.357,2.563,-0.366
-0.103,-0.067,1.024,1.160,3.906,-1.892
-0.092,-0.055,1.021,-1.160,0.061,-1.587
-0.093,-0.050,1.002,-1.038,-2.014,-0.793
-0.096,-0.043,0.988,-1.038,-0.305,-0.488
-0.097,-0.045,0.969,-0.610,2.991,-0.793
-0.089,-0.053,0.974,1.465,7.629,-1.343
-0.077,-0.070,1.010,2.441,5.737,-1.343
-0.078,-0.074,1.027,1.953,-0.427,-1.221
-0.076,-0.066,1.033,0.549,-1.587,-0.793
-0.077,-0.056,1.022,-2.686,-2.136,1.160
-0.089,-0.043,0.986,-3.601,-2.197,2.014
-0.096,-0.048,0.971,-2.014,-0.488,1.831
-0.098,-0.056,0.971,-0.305,0.916,0.732
-0.092,-0.057,1.001,2.319,-0.244,-0.732
-0.096,-0.063,1.003,2.686,-1.648,-0.977
-0.089,-0.071,1.005,1.587,0.061,-0.854
-0.077,-0.064,1.013,-0.488,0.549,0.549
-0.083,-0.049,1.009,-0.610,-1.160,0.977
-0.090,-0.051,0.993,0.427,-1.343,-0.183
-0.082,-0.051,0.989,0.793,-0.793,-0.427
-0.085,-0.051,1.000,0.610,-2.258,1.282
-0.102,-0.060,1.005,0.244,-2.258,1.587
